Aqueduct,Race 1,41000,2019-11-27,8 Furlongs,Dirt,1,2,1,Shandian,6.37,331,19.0,35.4,2,6.37,35.4,331,0,35.4
Aqueduct,Race 1,41000,2019-11-27,8 Furlongs,Dirt,2,2,3,Hostile Witness,6.69,331,25.8,33.8,0.25,6.69,33.8,331,0,33.8
Aqueduct,Race 1,41000,2019-11-27,8 Furlongs,Dirt,3,2,6,Little Mazzy,6.69,332,38.3,33.8,0.25,6.69,33.8,332,1,33.8
Aqueduct,Race 1,41000,2019-11-27,8 Furlongs,Dirt,4,2,8,Uncle Ned,6.72,332,36.6,33.6,0.25,6.72,33.6,332,1,33.6
Aqueduct,Race 1,41000,2019-11-27,8 Furlongs,Dirt,5,2,2,Bobbyfromthepalm,6.73,332,21.3,33.6,0.25,6.73,33.6,332,1,33.6
Aqueduct,Race 1,41000,2019-11-27,8 Furlongs,Dirt,6,2,4,Textpectation,6.79,333,29.5,33.5,1.5,6.79,33.5,333,2,33.5
Aqueduct,Race 1,41000,2019-11-27,8 Furlongs,Dirt,7,2,5,King of American,7.01,331,32.3,32.2,0.25,7.01,32.2,331,0,32.2
Aqueduct,Race 1,41000,2019-11-27,8 Furlongs,Dirt,8,2,7,Icy Dude,7.05,332,30.4,32.1,0,7.05,32.1,332,1,32.1
Aqueduct,Race 1,41000,2019-11-27,8 Furlongs,Dirt,1,3,1,Shandian,5.56,332,17.3,40.6,2.25,11.94,40.6,663,0,37.8
Aqueduct,Race 1,41000,2019-11-27,8 Furlongs,Dirt,2,3,3,Hostile Witness,5.59,332,24.7,40.4,0.25,12.29,40.4,663,0,36.8
Aqueduct,Race 1,41000,2019-11-27,8 Furlongs,Dirt,3,3,8,Uncle Ned,5.59,331,33.5,40.3,0.25,12.32,40.3,663,0,36.7
Aqueduct,Race 1,41000,2019-11-27,8 Furlongs,Dirt,4,3,2,Bobbyfromthepalm,5.62,333,13.5,40.4,0.5,12.36,40.4,665,2,36.7
Aqueduct,Race 1,41000,2019-11-27,8 Furlongs,Dirt,5,3,6,Little Mazzy,5.74,333,30.2,39.5,1.25,12.44,39.5,665,2,36.4
Aqueduct,Race 1,41000,2019-11-27,8 Furlongs,Dirt,6,3,4,Textpectation,5.82,332,22.8,38.8,1.5,12.62,38.8,665,2,35.9
Aqueduct,Race 1,41000,2019-11-27,8 Furlongs,Dirt,7,3,7,Icy Dude,5.82,333,30.7,39.0,0.75,12.88,39.0,666,3,35.2
Aqueduct,Race 1,41000,2019-11-27,8 Furlongs,Dirt,8,3,5,King of American,5.97,332,28.3,37.9,0,12.99,37.9,663,0,34.8
Aqueduct,Race 1,41000,2019-11-27,8 Furlongs,Dirt,1,4,1,Shandian,5.71,332,12.1,39.6,2,17.66,40.6,995,0,38.4
Aqueduct,Race 1,41000,2019-11-27,8 Furlongs,Dirt,2,4,3,Hostile Witness,5.68,332,21.8,39.8,0.25,17.97,40.4,995,0,37.7
Aqueduct,Race 1,41000,2019-11-27,8 Furlongs,Dirt,3,4,2,Bobbyfromthepalm,5.65,331,13.0,39.9,0.25,18.01,40.4,996,1,37.7
Aqueduct,Race 1,41000,2019-11-27,8 Furlongs,Dirt,4,4,8,Uncle Ned,5.71,332,25.0,39.6,1.25,18.04,40.3,995,0,37.6
Aqueduct,Race 1,41000,2019-11-27,8 Furlongs,Dirt,5,4,6,Little Mazzy,5.82,332,18.2,38.8,1.75,18.27,39.5,996,1,37.2
Aqueduct,Race 1,41000,2019-11-27,8 Furlongs,Dirt,6,4,4,Textpectation,5.91,332,17.8,38.2,1.25,18.53,38.8,997,2,36.7
Aqueduct,Race 1,41000,2019-11-27,8 Furlongs,Dirt,7,4,7,Icy Dude,5.88,332,26.0,38.5,1.75,18.76,39.0,998,3,36.3
Aqueduct,Race 1,41000,2019-11-27,8 Furlongs,Dirt,8,4,5,King of American,6.06,332,24.6,37.4,0,19.05,37.9,995,0,35.6
Aqueduct,Race 1,41000,2019-11-27,8 Furlongs,Dirt,1,5,1,Shandian,5.74,332,6.1,39.4,2.25,23.40,40.6,1327,0,38.7
Aqueduct,Race 1,41000,2019-11-27,8 Furlongs,Dirt,2,5,3,Hostile Witness,5.77,331,15.6,39.2,0.5,23.74,40.4,1327,0,38.1
Aqueduct,Race 1,41000,2019-11-27,8 Furlongs,Dirt,3,5,8,Uncle Ned,5.80,332,17.7,39.0,0.1,23.84,40.3,1327,0,38.0
Aqueduct,Race 1,41000,2019-11-27,8 Furlongs,Dirt,4,5,2,Bobbyfromthepalm,5.82,333,8.9,38.9,2,23.84,40.4,1329,2,38.0
Aqueduct,Race 1,41000,2019-11-27,8 Furlongs,Dirt,5,5,6,Little Mazzy,5.88,333,9.5,38.5,3.25,24.15,39.5,1329,2,37.5
Aqueduct,Race 1,41000,2019-11-27,8 Furlongs,Dirt,6,5,4,Textpectation,6.11,333,13.5,37.1,0.25,24.65,38.8,1330,3,36.8
Aqueduct,Race 1,41000,2019-11-27,8 Furlongs,Dirt,7,5,7,Icy Dude,5.94,332,21.5,38.0,3,24.71,39.0,1329,2,36.7
Aqueduct,Race 1,41000,2019-11-27,8 Furlongs,Dirt,8,5,5,King of American,6.14,332,20.2,36.8,0,25.19,37.9,1327,0,35.9
Aqueduct,Race 1,41000,2019-11-27,8 Furlongs,Dirt,1,6,1,Shandian,5.91,333,4.6,38.3,2.25,29.32,40.6,1660,0,38.6
Aqueduct,Race 1,41000,2019-11-27,8 Furlongs,Dirt,2,6,3,Hostile Witness,5.91,332,13.7,38.3,0.25,29.66,40.4,1659,-1,38.1
Aqueduct,Race 1,41000,2019-11-27,8 Furlongs,Dirt,3,6,8,Uncle Ned,5.88,333,15.3,38.6,0.25,29.72,40.3,1660,0,38.1
Aqueduct,Race 1,41000,2019-11-27,8 Furlongs,Dirt,4,6,2,Bobbyfromthepalm,5.91,332,5.4,38.3,3.25,29.76,40.4,1661,1,38.0
Aqueduct,Race 1,41000,2019-11-27,8 Furlongs,Dirt,5,6,6,Little Mazzy,6.11,333,10.4,37.1,2.25,30.27,39.5,1662,2,37.4
Aqueduct,Race 1,41000,2019-11-27,8 Furlongs,Dirt,6,6,7,Icy Dude,5.88,332,20.0,38.5,0.75,30.59,39.0,1662,2,37.0
Aqueduct,Race 1,41000,2019-11-27,8 Furlongs,Dirt,7,6,4,Textpectation,6.06,332,12.2,37.3,3,30.71,38.8,1661,1,36.9
Aqueduct,Race 1,41000,2019-11-27,8 Furlongs,Dirt,8,6,5,King of American,6.00,334,15.8,37.9,0,31.20,37.9,1661,1,36.3
Aqueduct,Race 1,41000,2019-11-27,8 Furlongs,Dirt,1,7,1,Shandian,5.97,333,7.1,38.0,2.5,35.29,40.6,1992,0,38.5
Aqueduct,Race 1,41000,2019-11-27,8 Furlongs,Dirt,2,7,3,Hostile Witness,6.03,332,12.7,37.6,0.25,35.69,40.4,1991,-1,38.0
Aqueduct,Race 1,41000,2019-11-27,8 Furlongs,Dirt,3,7,8,Uncle Ned,6.00,332,14.3,37.7,0.25,35.73,40.3,1992,0,38.0
Aqueduct,Race 1,41000,2019-11-27,8 Furlongs,Dirt,4,7,2,Bobbyfromthepalm,5.97,332,7.5,37.8,3.75,35.73,40.4,1992,0,38.0
Aqueduct,Race 1,41000,2019-11-27,8 Furlongs,Dirt,5,7,6,Little Mazzy,6.08,331,13.3,37.1,1.25,36.36,39.5,1992,0,37.4
Aqueduct,Race 1,41000,2019-11-27,8 Furlongs,Dirt,6,7,7,Icy Dude,5.97,332,18.5,37.9,2.25,36.57,39.0,1993,1,37.2
Aqueduct,Race 1,41000,2019-11-27,8 Furlongs,Dirt,7,7,4,Textpectation,6.20,331,12.7,36.4,1.25,36.92,38.8,1993,1,36.8
Aqueduct,Race 1,41000,2019-11-27,8 Furlongs,Dirt,8,7,5,King of American,5.91,331,17.1,38.1,0,37.11,38.1,1992,0,36.6
Aqueduct,Race 1,41000,2019-11-27,8 Furlongs,Dirt,1,8,1,Shandian,6.14,332,2.2,36.9,2,41.44,40.6,2325,0,38.2
Aqueduct,Race 1,41000,2019-11-27,8 Furlongs,Dirt,2,8,3,Hostile Witness,6.08,333,10.6,37.2,0.1,41.78,40.4,2324,-1,37.9
Aqueduct,Race 1,41000,2019-11-27,8 Furlongs,Dirt,3,8,8,Uncle Ned,6.06,332,11.9,37.4,0.25,41.79,40.3,2325,0,37.9
Aqueduct,Race 1,41000,2019-11-27,8 Furlongs,Dirt,4,8,2,Bobbyfromthepalm,6.08,332,1.6,37.2,4.75,41.82,40.4,2324,-1,37.9
Aqueduct,Race 1,41000,2019-11-27,8 Furlongs,Dirt,5,8,6,Little Mazzy,6.23,332,6.5,36.4,0.75,42.59,39.5,2325,0,37.2
Aqueduct,Race 1,41000,2019-11-27,8 Furlongs,Dirt,6,8,7,Icy Dude,6.14,332,13.2,36.8,2.25,42.72,39.0,2325,0,37.1
Aqueduct,Race 1,41000,2019-11-27,8 Furlongs,Dirt,7,8,5,King of American,5.97,332,12.0,37.9,0.75,43.09,38.1,2324,-1,36.8
Aqueduct,Race 1,41000,2019-11-27,8 Furlongs,Dirt,8,8,4,Textpectation,6.29,333,5.3,36.1,0,43.21,38.8,2325,0,36.7
Aqueduct,Race 1,41000,2019-11-27,8 Furlongs,Dirt,1,9,1,Shandian,6.26,332,1.6,36.1,1.25,47.70,40.6,2656,0,38.0
Aqueduct,Race 1,41000,2019-11-27,8 Furlongs,Dirt,2,9,3,Hostile Witness,6.14,332,6.5,36.8,0.25,47.93,40.4,2656,0,37.8
Aqueduct,Race 1,41000,2019-11-27,8 Furlongs,Dirt,3,9,8,Uncle Ned,6.17,331,8.7,36.6,0.5,47.96,40.3,2656,0,37.8
Aqueduct,Race 1,41000,2019-11-27,8 Furlongs,Dirt,4,9,2,Bobbyfromthepalm,6.23,333,1.6,36.4,4.5,48.05,40.4,2657,1,37.7
Aqueduct,Race 1,41000,2019-11-27,8 Furlongs,Dirt,5,9,6,Little Mazzy,6.20,332,5.0,36.5,0.5,48.80,39.5,2657,1,37.1
Aqueduct,Race 1,41000,2019-11-27,8 Furlongs,Dirt,6,9,7,Icy Dude,6.17,332,11.6,36.7,1.5,48.89,39.0,2658,2,37.1
Aqueduct,Race 1,41000,2019-11-27,8 Furlongs,Dirt,7,9,5,King of American,6.03,332,6.0,37.5,2.5,49.12,38.1,2656,0,36.9
Aqueduct,Race 1,41000,2019-11-27,8 Furlongs,Dirt,8,9,4,Textpectation,6.31,333,3.1,35.9,0,49.53,38.8,2658,2,36.6
Aqueduct,Race 1,41000,2019-11-27,8 Furlongs,Dirt,1,10,1,Shandian,6.40,332,3.6,35.3,1,54.10,40.6,2988,0,37.7
Aqueduct,Race 1,41000,2019-11-27,8 Furlongs,Dirt,2,10,3,Hostile Witness,6.37,336,6.2,36.0,0.5,54.31,40.4,2992,4,37.6
Aqueduct,Race 1,41000,2019-11-27,8 Furlongs,Dirt,3,10,8,Uncle Ned,6.43,339,9.5,35.9,0.5,54.40,40.3,2995,7,37.5
Aqueduct,Race 1,41000,2019-11-27,8 Furlongs,Dirt,4,10,2,Bobbyfromthepalm,6.43,333,4.0,35.3,3.5,54.49,40.4,2990,2,37.4
Aqueduct,Race 1,41000,2019-11-27,8 Furlongs,Dirt,5,10,6,Little Mazzy,6.29,337,8.4,36.5,1,55.09,39.5,2994,6,37.1
Aqueduct,Race 1,41000,2019-11-27,8 Furlongs,Dirt,6,10,7,Icy Dude,6.34,340,11.5,36.5,0.5,55.24,39.0,2998,10,37.0
Aqueduct,Race 1,41000,2019-11-27,8 Furlongs,Dirt,7,10,5,King of American,6.23,338,5.8,37.0,4.75,55.35,38.1,2994,6,36.9
Aqueduct,Race 1,41000,2019-11-27,8 Furlongs,Dirt,8,10,4,Textpectation,6.63,336,8.2,34.5,0,56.17,38.8,2994,6,36.3
Aqueduct,Race 1,41000,2019-11-27,8 Furlongs,Dirt,1,11,1,Shandian,6.60,336,6.9,34.6,1.25,1:00.71,40.6,3324,0,37.3
Aqueduct,Race 1,41000,2019-11-27,8 Furlongs,Dirt,2,11,3,Hostile Witness,6.60,337,10.8,34.8,0.25,1:00.91,40.4,3330,6,37.3
Aqueduct,Race 1,41000,2019-11-27,8 Furlongs,Dirt,3,11,8,Uncle Ned,6.55,340,13.2,35.4,0.5,1:00.95,40.3,3334,10,37.3
Aqueduct,Race 1,41000,2019-11-27,8 Furlongs,Dirt,4,11,2,Bobbyfromthepalm,6.55,335,6.4,34.9,3.75,1:01.04,40.4,3326,2,37.1
Aqueduct,Race 1,41000,2019-11-27,8 Furlongs,Dirt,5,11,6,Little Mazzy,6.60,339,17.2,35.0,0.25,1:01.70,39.5,3333,9,36.8
Aqueduct,Race 1,41000,2019-11-27,8 Furlongs,Dirt,6,11,5,King of American,6.34,335,10.1,36.0,0.75,1:01.70,38.1,3329,5,36.8
Aqueduct,Race 1,41000,2019-11-27,8 Furlongs,Dirt,7,11,7,Icy Dude,6.57,341,20.1,35.3,6.5,1:01.82,39.0,3339,15,36.8
Aqueduct,Race 1,41000,2019-11-27,8 Furlongs,Dirt,8,11,4,Textpectation,6.81,339,12.5,34.0,0,1:02.98,38.8,3333,9,36.1
Aqueduct,Race 1,41000,2019-11-27,8 Furlongs,Dirt,1,12,1,Shandian,6.55,336,7.3,35.0,1.75,1:07.26,40.6,3660,0,37.1
Aqueduct,Race 1,41000,2019-11-27,8 Furlongs,Dirt,2,12,8,Uncle Ned,6.63,342,13.6,35.2,0.25,1:07.59,40.3,3677,17,37.1
Aqueduct,Race 1,41000,2019-11-27,8 Furlongs,Dirt,3,12,2,Bobbyfromthepalm,6.55,336,7.0,35.0,0.1,1:07.59,40.4,3662,2,36.9
Aqueduct,Race 1,41000,2019-11-27,8 Furlongs,Dirt,4,12,3,Hostile Witness,6.69,341,12.2,34.7,3.25,1:07.61,40.4,3670,10,37.0
Aqueduct,Race 1,41000,2019-11-27,8 Furlongs,Dirt,5,12,5,King of American,6.46,340,13.1,35.9,0.75,1:08.16,38.1,3670,10,36.7
Aqueduct,Race 1,41000,2019-11-27,8 Furlongs,Dirt,6,12,6,Little Mazzy,6.60,342,16.5,35.3,0.5,1:08.31,39.5,3676,16,36.7
Aqueduct,Race 1,41000,2019-11-27,8 Furlongs,Dirt,7,12,7,Icy Dude,6.60,347,19.7,35.8,8.5,1:08.43,39.0,3685,25,36.7
Aqueduct,Race 1,41000,2019-11-27,8 Furlongs,Dirt,8,12,4,Textpectation,6.98,342,14.3,33.4,0,1:09.96,38.8,3675,15,35.8
Aqueduct,Race 1,41000,2019-11-27,8 Furlongs,Dirt,1,13,1,Shandian,6.63,338,1.6,34.7,1.5,1:13.90,40.6,3998,0,36.9
Aqueduct,Race 1,41000,2019-11-27,8 Furlongs,Dirt,2,13,8,Uncle Ned,6.57,341,9.1,35.3,0.25,1:14.17,40.3,4017,19,36.9
Aqueduct,Race 1,41000,2019-11-27,8 Furlongs,Dirt,3,13,2,Bobbyfromthepalm,6.57,336,1.6,34.8,0.25,1:14.17,40.4,3998,0,36.7
Aqueduct,Race 1,41000,2019-11-27,8 Furlongs,Dirt,4,13,3,Hostile Witness,6.63,340,5.0,34.9,2.75,1:14.25,40.4,4010,12,36.8
Aqueduct,Race 1,41000,2019-11-27,8 Furlongs,Dirt,5,13,5,King of American,6.55,340,8.0,35.4,1.75,1:14.71,38.1,4010,12,36.6
Aqueduct,Race 1,41000,2019-11-27,8 Furlongs,Dirt,6,13,6,Little Mazzy,6.78,344,9.5,34.6,1,1:15.09,39.5,4020,22,36.5
Aqueduct,Race 1,41000,2019-11-27,8 Furlongs,Dirt,7,13,7,Icy Dude,6.83,344,10.6,34.3,10.75,1:15.27,39.0,4030,32,36.5
Aqueduct,Race 1,41000,2019-11-27,8 Furlongs,Dirt,8,13,4,Textpectation,7.38,341,5.1,31.5,0,1:17.35,38.8,4016,18,35.4
Aqueduct,Race 1,41000,2019-11-27,8 Furlongs,Dirt,1,14,1,Shandian,6.83,333,7.2,33.2,0.75,1:20.74,40.6,4331,0,36.6
Aqueduct,Race 1,41000,2019-11-27,8 Furlongs,Dirt,2,14,2,Bobbyfromthepalm,6.72,333,4.2,33.7,0.25,1:20.89,40.4,4331,0,36.5
Aqueduct,Race 1,41000,2019-11-27,8 Furlongs,Dirt,3,14,8,Uncle Ned,6.78,335,17.8,33.7,0.5,1:20.95,40.3,4353,22,36.7
Aqueduct,Race 1,41000,2019-11-27,8 Furlongs,Dirt,4,14,3,Hostile Witness,6.81,335,11.6,33.5,1,1:21.06,40.4,4345,14,36.5
Aqueduct,Race 1,41000,2019-11-27,8 Furlongs,Dirt,5,14,5,King of American,6.52,336,22.1,35.2,4,1:21.24,38.1,4347,16,36.5
Aqueduct,Race 1,41000,2019-11-27,8 Furlongs,Dirt,6,14,6,Little Mazzy,6.83,335,18.5,33.4,1.75,1:21.93,39.5,4355,24,36.2
Aqueduct,Race 1,41000,2019-11-27,8 Furlongs,Dirt,7,14,7,Icy Dude,6.98,337,24.3,32.9,13.5,1:22.25,39.0,4366,35,36.2
Aqueduct,Race 1,41000,2019-11-27,8 Furlongs,Dirt,8,14,4,Textpectation,7.50,335,13.1,30.4,0,1:24.85,38.8,4351,20,35.0
Aqueduct,Race 1,41000,2019-11-27,8 Furlongs,Dirt,1,15,5,King of American,6.46,333,22.2,35.1,0.25,1:27.70,38.1,4679,0,36.4
Aqueduct,Race 1,41000,2019-11-27,8 Furlongs,Dirt,2,15,1,Shandian,6.98,333,10.3,32.5,0.25,1:27.72,40.6,4664,-15,36.3
Aqueduct,Race 1,41000,2019-11-27,8 Furlongs,Dirt,3,15,2,Bobbyfromthepalm,6.83,333,5.4,33.2,0.1,1:27.73,40.4,4663,-16,36.2
Aqueduct,Race 1,41000,2019-11-27,8 Furlongs,Dirt,4,15,8,Uncle Ned,6.81,333,12.8,33.4,1.75,1:27.76,40.3,4686,7,36.4
Aqueduct,Race 1,41000,2019-11-27,8 Furlongs,Dirt,5,15,3,Hostile Witness,7.04,333,13.9,32.3,3.75,1:28.10,40.4,4678,-1,36.2
Aqueduct,Race 1,41000,2019-11-27,8 Furlongs,Dirt,6,15,6,Little Mazzy,6.83,334,17.7,33.3,3.5,1:28.77,39.5,4688,9,36.0
Aqueduct,Race 1,41000,2019-11-27,8 Furlongs,Dirt,7,15,7,Icy Dude,7.15,332,23.4,31.6,15.75,1:29.41,39.0,4698,19,35.8
Aqueduct,Race 1,41000,2019-11-27,8 Furlongs,Dirt,8,15,4,Textpectation,7.76,333,17.8,29.3,0,1:32.61,38.8,4684,5,34.5
Aqueduct,Race 1,41000,2019-11-27,8 Furlongs,Dirt,1,16,5,King of American,6.72,332,15.1,33.7,1,1:34.42,38.1,5011,0,36.2
Aqueduct,Race 1,41000,2019-11-27,8 Furlongs,Dirt,2,16,8,Uncle Ned,6.81,332,10.7,33.2,1,1:34.57,40.3,5018,7,36.2
Aqueduct,Race 1,41000,2019-11-27,8 Furlongs,Dirt,3,16,2,Bobbyfromthepalm,6.98,332,6.4,32.4,0.75,1:34.72,40.4,4995,-16,36.0
Aqueduct,Race 1,41000,2019-11-27,8 Furlongs,Dirt,4,16,1,Shandian,7.18,332,7.8,31.5,1.75,1:34.91,40.6,4997,-14,35.9
Aqueduct,Race 1,41000,2019-11-27,8 Furlongs,Dirt,5,16,3,Hostile Witness,7.18,332,15.7,31.5,2.75,1:35.28,40.4,5010,-1,35.8
Aqueduct,Race 1,41000,2019-11-27,8 Furlongs,Dirt,6,16,6,Little Mazzy,6.98,332,18.5,32.4,4.25,1:35.75,39.5,5020,9,35.7
Aqueduct,Race 1,41000,2019-11-27,8 Furlongs,Dirt,7,16,7,Icy Dude,7.15,334,23.2,31.8,19.75,1:36.57,39.0,5032,21,35.5
Aqueduct,Race 1,41000,2019-11-27,8 Furlongs,Dirt,8,16,4,Textpectation,7.99,333,15.4,28.4,0,1:40.61,38.8,5017,6,34.0
Aqueduct,Race 1,41000,2019-11-27,8 Furlongs,Dirt,1,17,5,King of American,6.86,332,6.9,32.9,2.25,1:41.29,38.1,5343,0,36.0
Aqueduct,Race 1,41000,2019-11-27,8 Furlongs,Dirt,2,17,8,Uncle Ned,7.18,333,6.2,31.6,1,1:41.75,40.3,5351,8,35.9
Aqueduct,Race 1,41000,2019-11-27,8 Furlongs,Dirt,3,17,2,Bobbyfromthepalm,7.24,333,3.3,31.4,3.25,1:41.96,40.4,5329,-14,35.6
Aqueduct,Race 1,41000,2019-11-27,8 Furlongs,Dirt,4,17,1,Shandian,7.73,332,5.2,29.3,0.1,1:42.64,40.6,5329,-14,35.4
Aqueduct,Race 1,41000,2019-11-27,8 Furlongs,Dirt,5,17,3,Hostile Witness,7.38,333,17.1,30.7,1,1:42.67,40.4,5343,0,35.5
Aqueduct,Race 1,41000,2019-11-27,8 Furlongs,Dirt,6,17,6,Little Mazzy,7.12,332,21.7,31.8,4.75,1:42.88,39.5,5352,9,35.5
Aqueduct,Race 1,41000,2019-11-27,8 Furlongs,Dirt,7,17,7,Icy Dude,7.24,331,24.5,31.2,23.25,1:43.81,39.0,5364,21,35.2
Aqueduct,Race 1,41000,2019-11-27,8 Furlongs,Dirt,8,17,4,Textpectation,8.22,333,15.5,27.6,0,1:48.83,38.8,5350,7,33.5
Aqueduct,Race 2,28000,2019-11-27,8 Furlongs,Dirt,1,2,4,Princess Victoria,6.59,332,21.9,34.3,0.1,6.59,34.3,332,0,34.3
Aqueduct,Race 2,28000,2019-11-27,8 Furlongs,Dirt,2,2,7,Stay Fond,6.60,332,32.2,34.3,0.25,6.60,34.3,332,0,34.3
Aqueduct,Race 2,28000,2019-11-27,8 Furlongs,Dirt,3,2,5,Zecha,6.63,332,28.7,34.1,0.5,6.63,34.1,332,0,34.1
Aqueduct,Race 2,28000,2019-11-27,8 Furlongs,Dirt,4,2,1,Theodosia,6.74,332,13.5,33.6,0.75,6.74,33.6,332,0,33.6
Aqueduct,Race 2,28000,2019-11-27,8 Furlongs,Dirt,5,2,6,Princess Mikayah,6.84,331,30.4,33.0,0.25,6.84,33.0,331,-1,33.0
Aqueduct,Race 2,28000,2019-11-27,8 Furlongs,Dirt,6,2,3,Little Nanny,6.88,333,18.5,32.9,0,6.88,32.9,333,1,32.9
Aqueduct,Race 2,28000,2019-11-27,8 Furlongs,Dirt,1,3,4,Princess Victoria,5.77,332,22.5,39.2,0.25,12.36,39.2,663,0,36.6
Aqueduct,Race 2,28000,2019-11-27,8 Furlongs,Dirt,2,3,7,Stay Fond,5.80,331,31.0,38.9,0.75,12.40,38.9,663,0,36.4
Aqueduct,Race 2,28000,2019-11-27,8 Furlongs,Dirt,3,3,5,Zecha,5.88,332,25.3,38.5,0.25,12.52,38.5,665,2,36.2
Aqueduct,Race 2,28000,2019-11-27,8 Furlongs,Dirt,4,3,1,Theodosia,5.82,332,13.0,38.9,1.25,12.57,38.9,664,1,36.0
Aqueduct,Race 2,28000,2019-11-27,8 Furlongs,Dirt,5,3,6,Princess Mikayah,5.91,333,28.5,38.3,0.1,12.75,38.3,664,1,35.5
Aqueduct,Race 2,28000,2019-11-27,8 Furlongs,Dirt,6,3,3,Little Nanny,5.88,332,17.7,38.5,0,12.77,38.5,665,2,35.5
Aqueduct,Race 2,28000,2019-11-27,8 Furlongs,Dirt,1,4,7,Stay Fond,5.82,332,28.8,38.9,0.25,18.23,38.9,995,0,37.2
Aqueduct,Race 2,28000,2019-11-27,8 Furlongs,Dirt,2,4,4,Princess Victoria,5.88,332,20.7,38.4,1.25,18.25,39.2,995,0,37.2
Aqueduct,Race 2,28000,2019-11-27,8 Furlongs,Dirt,3,4,1,Theodosia,5.88,332,13.9,38.4,0.25,18.45,38.9,996,1,36.8
Aqueduct,Race 2,28000,2019-11-27,8 Furlongs,Dirt,4,4,5,Zecha,5.94,331,24.9,38.0,1.25,18.46,38.5,996,1,36.8
Aqueduct,Race 2,28000,2019-11-27,8 Furlongs,Dirt,5,4,3,Little Nanny,5.88,331,15.3,38.3,0.25,18.66,38.5,995,0,36.4
Aqueduct,Race 2,28000,2019-11-27,8 Furlongs,Dirt,6,4,6,Princess Mikayah,5.94,332,27.2,38.0,0,18.70,38.3,995,0,36.3
Aqueduct,Race 2,28000,2019-11-27,8 Furlongs,Dirt,1,5,4,Princess Victoria,5.94,333,19.8,38.1,0.25,24.20,39.2,1328,0,37.4
Aqueduct,Race 2,28000,2019-11-27,8 Furlongs,Dirt,2,5,7,Stay Fond,5.97,333,21.9,38.0,1.25,24.21,38.9,1328,0,37.4
Aqueduct,Race 2,28000,2019-11-27,8 Furlongs,Dirt,3,5,1,Theodosia,5.94,332,7.4,38.1,0.25,24.40,38.9,1328,0,37.1
Aqueduct,Race 2,28000,2019-11-27,8 Furlongs,Dirt,4,5,5,Zecha,5.94,332,24.4,38.1,1.5,24.41,38.5,1328,0,37.1
Aqueduct,Race 2,28000,2019-11-27,8 Furlongs,Dirt,5,5,6,Princess Mikayah,5.94,333,18.2,38.2,0.25,24.64,38.3,1328,0,36.7
Aqueduct,Race 2,28000,2019-11-27,8 Furlongs,Dirt,6,5,3,Little Nanny,6.00,333,7.3,37.8,0,24.66,38.5,1328,0,36.7
Aqueduct,Race 2,28000,2019-11-27,8 Furlongs,Dirt,1,6,4,Princess Victoria,6.06,332,13.7,37.4,0.1,30.26,39.2,1660,0,37.4
Aqueduct,Race 2,28000,2019-11-27,8 Furlongs,Dirt,2,6,7,Stay Fond,6.06,333,18.9,37.4,0.75,30.27,38.9,1661,1,37.4
Aqueduct,Race 2,28000,2019-11-27,8 Furlongs,Dirt,3,6,1,Theodosia,6.00,332,6.5,37.7,0.25,30.40,38.9,1660,0,37.2
Aqueduct,Race 2,28000,2019-11-27,8 Furlongs,Dirt,4,6,5,Zecha,6.00,332,19.9,37.7,1.25,30.41,38.5,1660,0,37.2
Aqueduct,Race 2,28000,2019-11-27,8 Furlongs,Dirt,5,6,6,Princess Mikayah,5.97,332,13.8,37.9,0.5,30.62,38.3,1660,0,37.0
Aqueduct,Race 2,28000,2019-11-27,8 Furlongs,Dirt,6,6,3,Little Nanny,6.06,333,5.5,37.5,0,30.72,38.5,1661,1,36.9
Aqueduct,Race 2,28000,2019-11-27,8 Furlongs,Dirt,1,7,4,Princess Victoria,6.03,332,12.9,37.6,0.25,36.29,39.2,1992,0,37.4
Aqueduct,Race 2,28000,2019-11-27,8 Furlongs,Dirt,2,7,1,Theodosia,5.88,332,6.8,38.4,0.25,36.29,38.9,1992,0,37.4
Aqueduct,Race 2,28000,2019-11-27,8 Furlongs,Dirt,3,7,7,Stay Fond,6.08,332,17.9,37.2,0.75,36.35,38.9,1993,1,37.4
Aqueduct,Race 2,28000,2019-11-27,8 Furlongs,Dirt,4,7,5,Zecha,6.03,332,21.3,37.6,1.5,36.44,38.5,1993,1,37.3
Aqueduct,Race 2,28000,2019-11-27,8 Furlongs,Dirt,5,7,6,Princess Mikayah,6.06,332,15.9,37.4,0.5,36.68,38.3,1992,0,37.0
Aqueduct,Race 2,28000,2019-11-27,8 Furlongs,Dirt,6,7,3,Little Nanny,6.03,331,7.7,37.5,0,36.75,38.5,1992,0,37.0
Aqueduct,Race 2,28000,2019-11-27,8 Furlongs,Dirt,1,8,1,Theodosia,5.94,333,4.0,38.2,0.25,42.23,38.9,2325,0,37.5
Aqueduct,Race 2,28000,2019-11-27,8 Furlongs,Dirt,2,8,4,Princess Victoria,6.00,332,10.0,37.7,0.25,42.29,39.2,2324,-1,37.5
Aqueduct,Race 2,28000,2019-11-27,8 Furlongs,Dirt,3,8,7,Stay Fond,5.94,332,15.0,38.0,1.25,42.30,38.9,2324,-1,37.5
Aqueduct,Race 2,28000,2019-11-27,8 Furlongs,Dirt,4,8,5,Zecha,6.06,333,17.2,37.4,1.25,42.50,38.5,2325,0,37.3
Aqueduct,Race 2,28000,2019-11-27,8 Furlongs,Dirt,5,8,6,Princess Mikayah,6.00,331,8.6,37.6,0.75,42.68,38.3,2324,-1,37.1
Aqueduct,Race 2,28000,2019-11-27,8 Furlongs,Dirt,6,8,3,Little Nanny,6.08,332,4.8,37.2,0,42.84,38.5,2325,0,37.0
Aqueduct,Race 2,28000,2019-11-27,8 Furlongs,Dirt,1,9,1,Theodosia,6.03,332,1.9,37.5,0.25,48.27,38.9,2656,0,37.5
Aqueduct,Race 2,28000,2019-11-27,8 Furlongs,Dirt,2,9,4,Princess Victoria,6.03,332,6.8,37.5,0.1,48.32,39.2,2656,0,37.5
Aqueduct,Race 2,28000,2019-11-27,8 Furlongs,Dirt,3,9,7,Stay Fond,6.03,333,10.6,37.6,1,48.33,38.9,2657,1,37.5
Aqueduct,Race 2,28000,2019-11-27,8 Furlongs,Dirt,4,9,5,Zecha,5.97,332,13.7,37.8,1.75,48.48,38.5,2657,1,37.4
Aqueduct,Race 2,28000,2019-11-27,8 Furlongs,Dirt,5,9,6,Princess Mikayah,6.08,333,5.8,37.3,2.5,48.77,38.3,2656,0,37.1
Aqueduct,Race 2,28000,2019-11-27,8 Furlongs,Dirt,6,9,3,Little Nanny,6.34,332,4.2,35.7,0,49.19,38.5,2657,1,36.8
Aqueduct,Race 2,28000,2019-11-27,8 Furlongs,Dirt,1,10,1,Theodosia,6.14,333,3.4,37.0,0.25,54.41,38.9,2990,0,37.5
Aqueduct,Race 2,28000,2019-11-27,8 Furlongs,Dirt,2,10,4,Princess Victoria,6.11,337,8.3,37.6,0.25,54.44,39.2,2993,3,37.5
Aqueduct,Race 2,28000,2019-11-27,8 Furlongs,Dirt,3,10,7,Stay Fond,6.14,340,11.4,37.7,1.25,54.48,38.9,2997,7,37.5
Aqueduct,Race 2,28000,2019-11-27,8 Furlongs,Dirt,4,10,5,Zecha,6.17,341,12.5,37.7,2,54.65,38.5,2998,8,37.4
Aqueduct,Race 2,28000,2019-11-27,8 Furlongs,Dirt,5,10,6,Princess Mikayah,6.20,336,7.7,36.9,3.5,54.97,38.3,2992,2,37.1
Aqueduct,Race 2,28000,2019-11-27,8 Furlongs,Dirt,6,10,3,Little Nanny,6.40,334,5.2,35.6,0,55.59,38.5,2991,1,36.7
Aqueduct,Race 2,28000,2019-11-27,8 Furlongs,Dirt,1,11,4,Princess Victoria,6.26,337,6.5,36.7,0.25,1:00.70,39.2,3330,0,37.4
Aqueduct,Race 2,28000,2019-11-27,8 Furlongs,Dirt,2,11,1,Theodosia,6.31,335,6.4,36.1,0.25,1:00.73,38.9,3325,-5,37.3
Aqueduct,Race 2,28000,2019-11-27,8 Furlongs,Dirt,3,11,7,Stay Fond,6.26,339,15.0,36.9,1.5,1:00.74,38.9,3336,6,37.4
Aqueduct,Race 2,28000,2019-11-27,8 Furlongs,Dirt,4,11,5,Zecha,6.31,341,16.5,36.8,2.5,1:00.97,38.5,3339,9,37.3
Aqueduct,Race 2,28000,2019-11-27,8 Furlongs,Dirt,5,11,6,Princess Mikayah,6.40,338,11.3,35.9,4.75,1:01.38,38.3,3330,0,37.0
Aqueduct,Race 2,28000,2019-11-27,8 Furlongs,Dirt,6,11,3,Little Nanny,6.63,337,9.4,34.6,0,1:02.23,38.5,3328,-2,36.5
Aqueduct,Race 2,28000,2019-11-27,8 Furlongs,Dirt,1,12,4,Princess Victoria,6.31,337,8.1,36.4,0.5,1:07.02,39.2,3668,0,37.3
Aqueduct,Race 2,28000,2019-11-27,8 Furlongs,Dirt,2,12,7,Stay Fond,6.34,343,15.0,36.9,0.5,1:07.09,38.9,3679,11,37.4
Aqueduct,Race 2,28000,2019-11-27,8 Furlongs,Dirt,3,12,1,Theodosia,6.46,336,7.4,35.4,1,1:07.20,38.9,3660,-8,37.1
Aqueduct,Race 2,28000,2019-11-27,8 Furlongs,Dirt,4,12,5,Zecha,6.40,344,16.7,36.6,2.75,1:07.38,38.5,3684,16,37.3
Aqueduct,Race 2,28000,2019-11-27,8 Furlongs,Dirt,5,12,6,Princess Mikayah,6.43,340,12.3,36.0,5.75,1:07.82,38.3,3670,2,36.9
Aqueduct,Race 2,28000,2019-11-27,8 Furlongs,Dirt,6,12,3,Little Nanny,6.63,339,11.6,34.8,0,1:08.87,38.5,3667,-1,36.3
Aqueduct,Race 2,28000,2019-11-27,8 Furlongs,Dirt,1,13,4,Princess Victoria,6.43,337,2.4,35.7,0.5,1:13.46,39.2,4005,0,37.2
Aqueduct,Race 2,28000,2019-11-27,8 Furlongs,Dirt,2,13,7,Stay Fond,6.43,343,7.2,36.3,2,1:13.52,38.9,4022,17,37.3
Aqueduct,Race 2,28000,2019-11-27,8 Furlongs,Dirt,3,13,1,Theodosia,6.66,337,1.6,34.4,0.1,1:13.86,38.9,3997,-8,36.9
Aqueduct,Race 2,28000,2019-11-27,8 Furlongs,Dirt,4,13,5,Zecha,6.49,343,8.7,36.1,3.25,1:13.87,38.5,4027,22,37.2
Aqueduct,Race 2,28000,2019-11-27,8 Furlongs,Dirt,5,13,6,Princess Mikayah,6.57,340,8.4,35.2,6.75,1:14.40,38.3,4010,5,36.7
Aqueduct,Race 2,28000,2019-11-27,8 Furlongs,Dirt,6,13,3,Little Nanny,6.69,340,3.4,34.6,0,1:15.56,38.5,4006,1,36.1
Aqueduct,Race 2,28000,2019-11-27,8 Furlongs,Dirt,1,14,4,Princess Victoria,6.40,334,7.0,35.6,0.25,1:19.86,39.2,4339,0,37.0
Aqueduct,Race 2,28000,2019-11-27,8 Furlongs,Dirt,2,14,7,Stay Fond,6.37,336,13.4,35.9,2.5,1:19.90,38.9,4357,18,37.2
Aqueduct,Race 2,28000,2019-11-27,8 Furlongs,Dirt,3,14,5,Zecha,6.40,336,18.0,35.7,2,1:20.28,38.5,4363,24,37.1
Aqueduct,Race 2,28000,2019-11-27,8 Furlongs,Dirt,4,14,1,Theodosia,6.78,334,3.7,33.6,2,1:20.64,38.9,4331,-8,36.6
Aqueduct,Race 2,28000,2019-11-27,8 Furlongs,Dirt,5,14,6,Princess Mikayah,6.57,337,17.3,34.9,7.75,1:20.98,38.3,4347,8,36.6
Aqueduct,Race 2,28000,2019-11-27,8 Furlongs,Dirt,6,14,3,Little Nanny,6.69,333,19.4,33.9,0,1:22.26,38.5,4339,0,36.0
Aqueduct,Race 2,28000,2019-11-27,8 Furlongs,Dirt,1,15,7,Stay Fond,6.52,333,20.2,34.8,0.25,1:26.42,38.9,4690,0,37.0
Aqueduct,Race 2,28000,2019-11-27,8 Furlongs,Dirt,2,15,4,Princess Victoria,6.57,332,12.0,34.4,2,1:26.44,39.2,4671,-19,36.8
Aqueduct,Race 2,28000,2019-11-27,8 Furlongs,Dirt,3,15,5,Zecha,6.49,333,27.1,34.9,3.75,1:26.77,38.5,4695,5,36.9
Aqueduct,Race 2,28000,2019-11-27,8 Furlongs,Dirt,4,15,1,Theodosia,6.81,332,6.6,33.2,0.75,1:27.45,38.9,4663,-27,36.4
Aqueduct,Race 2,28000,2019-11-27,8 Furlongs,Dirt,5,15,6,Princess Mikayah,6.60,332,22.2,34.2,7.75,1:27.58,38.3,4679,-11,36.4
Aqueduct,Race 2,28000,2019-11-27,8 Furlongs,Dirt,6,15,3,Little Nanny,6.69,334,25.6,34.0,0,1:28.95,38.5,4673,-17,35.8
Aqueduct,Race 2,28000,2019-11-27,8 Furlongs,Dirt,1,16,7,Stay Fond,6.69,333,21.3,33.9,0.25,1:33.12,38.9,5023,0,36.8
Aqueduct,Race 2,28000,2019-11-27,8 Furlongs,Dirt,2,16,4,Princess Victoria,6.72,332,16.6,33.6,1.5,1:33.17,39.2,5003,-20,36.6
Aqueduct,Race 2,28000,2019-11-27,8 Furlongs,Dirt,3,16,5,Zecha,6.69,332,32.1,33.8,5.25,1:33.47,38.5,5027,4,36.7
Aqueduct,Race 2,28000,2019-11-27,8 Furlongs,Dirt,4,16,1,Theodosia,6.98,332,5.5,32.4,0.25,1:34.44,38.9,4995,-28,36.1
Aqueduct,Race 2,28000,2019-11-27,8 Furlongs,Dirt,5,16,6,Princess Mikayah,6.86,332,22.1,33.0,8,1:34.45,38.3,5011,-12,36.2
Aqueduct,Race 2,28000,2019-11-27,8 Furlongs,Dirt,6,16,3,Little Nanny,6.95,332,29.7,32.5,0,1:35.91,38.5,5004,-19,35.6
Aqueduct,Race 2,28000,2019-11-27,8 Furlongs,Dirt,1,17,7,Stay Fond,6.86,332,18.0,32.9,1,1:39.99,38.9,5354,0,36.5
Aqueduct,Race 2,28000,2019-11-27,8 Furlongs,Dirt,2,17,4,Princess Victoria,7.04,333,9.9,32.3,0.75,1:40.21,39.2,5336,-18,36.3
Aqueduct,Race 2,28000,2019-11-27,8 Furlongs,Dirt,3,17,5,Zecha,6.92,333,35.3,32.8,5.75,1:40.39,38.5,5361,7,36.4
Aqueduct,Race 2,28000,2019-11-27,8 Furlongs,Dirt,4,17,6,Princess Mikayah,7.04,333,20.1,32.3,0.75,1:41.49,38.3,5344,-10,35.9
Aqueduct,Race 2,28000,2019-11-27,8 Furlongs,Dirt,5,17,1,Theodosia,7.21,332,5.0,31.4,8.75,1:41.65,38.9,5327,-27,35.7
Aqueduct,Race 2,28000,2019-11-27,8 Furlongs,Dirt,6,17,3,Little Nanny,7.61,333,27.2,29.8,0,1:43.53,38.5,5338,-16,35.2
Aqueduct,Race 3,70000,2019-11-27,8 Furlongs,Dirt,1,2,4,Cartwheel,6.51,332,30.2,34.7,0.5,6.51,34.7,332,0,34.7
Aqueduct,Race 3,70000,2019-11-27,8 Furlongs,Dirt,2,2,3,Wait a Minute,6.60,332,24.1,34.3,0.5,6.60,34.3,332,0,34.3
Aqueduct,Race 3,70000,2019-11-27,8 Furlongs,Dirt,3,2,1,Maiden Beauty,6.69,333,14.3,33.9,0.25,6.69,33.9,333,1,33.9
Aqueduct,Race 3,70000,2019-11-27,8 Furlongs,Dirt,4,2,2,Cathy Naz,6.72,333,22.8,33.8,0.25,6.72,33.8,333,1,33.8
Aqueduct,Race 3,70000,2019-11-27,8 Furlongs,Dirt,5,2,5,Riot Worthy,6.72,332,38.5,33.7,2.5,6.72,33.7,332,0,33.7
Aqueduct,Race 3,70000,2019-11-27,8 Furlongs,Dirt,6,2,6,She Takes Charge,7.09,332,38.3,32.0,0,7.09,32.0,332,0,32.0
Aqueduct,Race 3,70000,2019-11-27,8 Furlongs,Dirt,1,3,4,Cartwheel,5.65,333,23.6,40.1,1.5,12.17,40.1,665,0,37.2
Aqueduct,Race 3,70000,2019-11-27,8 Furlongs,Dirt,2,3,3,Wait a Minute,5.77,331,28.0,39.2,0.25,12.37,39.2,663,-2,36.6
Aqueduct,Race 3,70000,2019-11-27,8 Furlongs,Dirt,3,3,1,Maiden Beauty,5.71,332,19.0,39.6,0.5,12.40,39.6,664,-1,36.5
Aqueduct,Race 3,70000,2019-11-27,8 Furlongs,Dirt,4,3,2,Cathy Naz,5.77,332,22.2,39.2,0.5,12.49,39.2,665,0,36.3
Aqueduct,Race 3,70000,2019-11-27,8 Furlongs,Dirt,5,3,5,Riot Worthy,5.82,332,32.5,38.8,3.5,12.55,38.8,664,-1,36.1
Aqueduct,Race 3,70000,2019-11-27,8 Furlongs,Dirt,6,3,6,She Takes Charge,5.97,332,29.6,37.9,0,13.06,37.9,664,-1,34.7
Aqueduct,Race 3,70000,2019-11-27,8 Furlongs,Dirt,1,4,4,Cartwheel,5.85,331,17.4,38.6,1,18.03,40.1,996,0,37.7
Aqueduct,Race 3,70000,2019-11-27,8 Furlongs,Dirt,2,4,3,Wait a Minute,5.82,333,24.0,39.0,0.25,18.20,39.2,997,1,37.3
Aqueduct,Race 3,70000,2019-11-27,8 Furlongs,Dirt,3,4,1,Maiden Beauty,5.80,332,12.9,39.0,0.25,18.20,39.6,996,0,37.3
Aqueduct,Race 3,70000,2019-11-27,8 Furlongs,Dirt,4,4,2,Cathy Naz,5.77,331,17.7,39.1,0.25,18.26,39.2,996,0,37.2
Aqueduct,Race 3,70000,2019-11-27,8 Furlongs,Dirt,5,4,5,Riot Worthy,5.77,332,25.4,39.2,3.75,18.32,39.2,996,0,37.1
Aqueduct,Race 3,70000,2019-11-27,8 Furlongs,Dirt,6,4,6,She Takes Charge,5.82,333,24.7,39.0,0,18.89,39.0,998,2,36.0
Aqueduct,Race 3,70000,2019-11-27,8 Furlongs,Dirt,1,5,4,Cartwheel,5.85,332,11.8,38.7,1,23.89,40.1,1329,0,37.9
Aqueduct,Race 3,70000,2019-11-27,8 Furlongs,Dirt,2,5,3,Wait a Minute,5.85,332,17.2,38.7,0.5,24.05,39.2,1329,0,37.7
Aqueduct,Race 3,70000,2019-11-27,8 Furlongs,Dirt,3,5,1,Maiden Beauty,5.88,332,8.0,38.5,0.25,24.09,39.6,1328,-1,37.6
Aqueduct,Race 3,70000,2019-11-27,8 Furlongs,Dirt,4,5,5,Riot Worthy,5.80,331,20.4,38.9,0.75,24.12,39.2,1327,-2,37.5
Aqueduct,Race 3,70000,2019-11-27,8 Furlongs,Dirt,5,5,2,Cathy Naz,6.00,333,14.6,37.8,3,24.26,39.2,1329,0,37.3
Aqueduct,Race 3,70000,2019-11-27,8 Furlongs,Dirt,6,5,6,She Takes Charge,5.82,332,22.6,38.8,0,24.72,39.0,1329,0,36.7
Aqueduct,Race 3,70000,2019-11-27,8 Furlongs,Dirt,1,6,4,Cartwheel,5.80,331,9.1,38.9,1,29.69,40.1,1660,0,38.1
Aqueduct,Race 3,70000,2019-11-27,8 Furlongs,Dirt,2,6,3,Wait a Minute,5.80,331,15.2,38.9,0.5,29.86,39.2,1660,0,37.9
Aqueduct,Race 3,70000,2019-11-27,8 Furlongs,Dirt,3,6,1,Maiden Beauty,5.85,333,5.5,38.8,0.75,29.95,39.6,1661,1,37.8
Aqueduct,Race 3,70000,2019-11-27,8 Furlongs,Dirt,4,6,5,Riot Worthy,5.88,332,16.4,38.4,1.5,30.01,39.2,1659,-1,37.7
Aqueduct,Race 3,70000,2019-11-27,8 Furlongs,Dirt,5,6,2,Cathy Naz,6.00,331,8.3,37.6,2.5,30.26,39.2,1660,0,37.4
Aqueduct,Race 3,70000,2019-11-27,8 Furlongs,Dirt,6,6,6,She Takes Charge,5.94,332,18.3,38.0,0,30.67,39.0,1661,1,36.9
Aqueduct,Race 3,70000,2019-11-27,8 Furlongs,Dirt,1,7,4,Cartwheel,5.82,333,9.6,39.0,1,35.52,40.1,1993,0,38.3
Aqueduct,Race 3,70000,2019-11-27,8 Furlongs,Dirt,2,7,3,Wait a Minute,5.80,333,11.5,39.1,0.75,35.66,39.2,1992,-1,38.1
Aqueduct,Race 3,70000,2019-11-27,8 Furlongs,Dirt,3,7,1,Maiden Beauty,5.82,332,6.0,38.8,1,35.78,39.6,1993,0,38.0
Aqueduct,Race 3,70000,2019-11-27,8 Furlongs,Dirt,4,7,5,Riot Worthy,5.88,332,14.4,38.4,2,35.90,39.2,1991,-2,37.8
Aqueduct,Race 3,70000,2019-11-27,8 Furlongs,Dirt,5,7,2,Cathy Naz,5.97,333,11.7,38.0,1.75,36.24,39.2,1993,0,37.5
Aqueduct,Race 3,70000,2019-11-27,8 Furlongs,Dirt,6,7,6,She Takes Charge,5.85,333,18.0,38.7,0,36.52,39.0,1994,1,37.2
Aqueduct,Race 3,70000,2019-11-27,8 Furlongs,Dirt,1,8,4,Cartwheel,5.82,332,5.1,38.8,1.25,41.34,40.1,2325,0,38.3
Aqueduct,Race 3,70000,2019-11-27,8 Furlongs,Dirt,2,8,3,Wait a Minute,5.88,333,11.8,38.5,1,41.54,39.2,2325,0,38.2
Aqueduct,Race 3,70000,2019-11-27,8 Furlongs,Dirt,3,8,1,Maiden Beauty,5.88,331,1.6,38.4,1.25,41.67,39.6,2325,0,38.0
Aqueduct,Race 3,70000,2019-11-27,8 Furlongs,Dirt,4,8,5,Riot Worthy,5.94,332,9.0,38.1,2.75,41.84,39.2,2323,-2,37.9
Aqueduct,Race 3,70000,2019-11-27,8 Furlongs,Dirt,5,8,2,Cathy Naz,6.06,332,6.0,37.4,0.75,42.30,39.2,2325,0,37.5
Aqueduct,Race 3,70000,2019-11-27,8 Furlongs,Dirt,6,8,6,She Takes Charge,5.88,331,13.9,38.4,0,42.41,39.0,2325,0,37.4
Aqueduct,Race 3,70000,2019-11-27,8 Furlongs,Dirt,1,9,4,Cartwheel,5.88,332,1.6,38.5,1.5,47.23,40.1,2658,0,38.4
Aqueduct,Race 3,70000,2019-11-27,8 Furlongs,Dirt,2,9,3,Wait a Minute,5.91,332,7.3,38.3,0.75,47.46,39.2,2657,-1,38.2
Aqueduct,Race 3,70000,2019-11-27,8 Furlongs,Dirt,3,9,1,Maiden Beauty,5.88,332,2.0,38.5,1.75,47.55,39.6,2657,-1,38.1
Aqueduct,Race 3,70000,2019-11-27,8 Furlongs,Dirt,4,9,5,Riot Worthy,5.97,333,4.6,38.0,2.75,47.81,39.2,2656,-2,37.9
Aqueduct,Race 3,70000,2019-11-27,8 Furlongs,Dirt,5,9,2,Cathy Naz,5.97,332,4.4,37.9,0.75,48.27,39.2,2657,-1,37.5
Aqueduct,Race 3,70000,2019-11-27,8 Furlongs,Dirt,6,9,6,She Takes Charge,6.00,332,11.2,37.7,0,48.41,39.0,2657,-1,37.4
Aqueduct,Race 3,70000,2019-11-27,8 Furlongs,Dirt,1,10,4,Cartwheel,5.94,332,4.4,38.1,1,53.18,40.1,2990,0,38.3
Aqueduct,Race 3,70000,2019-11-27,8 Furlongs,Dirt,2,10,3,Wait a Minute,5.91,337,8.0,38.8,1.25,53.37,39.2,2994,4,38.2
Aqueduct,Race 3,70000,2019-11-27,8 Furlongs,Dirt,3,10,1,Maiden Beauty,6.03,333,6.7,37.7,1.75,53.58,39.6,2990,0,38.0
Aqueduct,Race 3,70000,2019-11-27,8 Furlongs,Dirt,4,10,5,Riot Worthy,6.03,336,5.6,38.0,3.25,53.85,39.2,2992,2,37.9
Aqueduct,Race 3,70000,2019-11-27,8 Furlongs,Dirt,5,10,2,Cathy Naz,6.11,336,6.2,37.5,1.25,54.39,39.2,2993,3,37.5
Aqueduct,Race 3,70000,2019-11-27,8 Furlongs,Dirt,6,10,6,She Takes Charge,6.17,340,12.1,37.6,0,54.59,39.0,2998,8,37.4
Aqueduct,Race 3,70000,2019-11-27,8 Furlongs,Dirt,1,11,4,Cartwheel,6.20,337,9.0,37.0,1.25,59.38,40.1,3326,0,38.2
Aqueduct,Race 3,70000,2019-11-27,8 Furlongs,Dirt,2,11,3,Wait a Minute,6.20,338,11.4,37.2,1.25,59.58,39.2,3332,6,38.1
Aqueduct,Race 3,70000,2019-11-27,8 Furlongs,Dirt,3,11,1,Maiden Beauty,6.17,337,13.4,37.2,2,59.76,39.6,3327,1,38.0
Aqueduct,Race 3,70000,2019-11-27,8 Furlongs,Dirt,4,11,5,Riot Worthy,6.23,335,6.8,36.7,3.25,1:00.08,39.2,3327,1,37.8
Aqueduct,Race 3,70000,2019-11-27,8 Furlongs,Dirt,5,11,2,Cathy Naz,6.26,337,10.6,36.7,1.5,1:00.65,39.2,3330,4,37.4
Aqueduct,Race 3,70000,2019-11-27,8 Furlongs,Dirt,6,11,6,She Takes Charge,6.31,341,17.9,36.8,0,1:00.91,39.0,3338,12,37.4
Aqueduct,Race 3,70000,2019-11-27,8 Furlongs,Dirt,1,12,4,Cartwheel,6.26,337,10.2,36.7,1.25,1:05.64,40.1,3664,0,38.1
Aqueduct,Race 3,70000,2019-11-27,8 Furlongs,Dirt,2,12,3,Wait a Minute,6.29,340,12.7,36.9,1,1:05.87,39.2,3672,8,38.0
Aqueduct,Race 3,70000,2019-11-27,8 Furlongs,Dirt,3,12,1,Maiden Beauty,6.23,341,15.0,37.3,2.25,1:05.99,39.6,3667,3,37.9
Aqueduct,Race 3,70000,2019-11-27,8 Furlongs,Dirt,4,12,5,Riot Worthy,6.29,337,10.8,36.6,3,1:06.37,39.2,3664,0,37.6
Aqueduct,Race 3,70000,2019-11-27,8 Furlongs,Dirt,5,12,2,Cathy Naz,6.23,338,13.2,36.9,2,1:06.89,39.2,3667,3,37.4
Aqueduct,Race 3,70000,2019-11-27,8 Furlongs,Dirt,6,12,6,She Takes Charge,6.31,344,21.9,37.1,0,1:07.23,39.0,3682,18,37.3
Aqueduct,Race 3,70000,2019-11-27,8 Furlongs,Dirt,1,13,4,Cartwheel,6.34,338,1.6,36.3,1.75,1:11.99,40.1,4002,0,37.9
Aqueduct,Race 3,70000,2019-11-27,8 Furlongs,Dirt,2,13,1,Maiden Beauty,6.29,343,10.1,37.2,0.25,1:12.29,39.6,4010,8,37.8
Aqueduct,Race 3,70000,2019-11-27,8 Furlongs,Dirt,3,13,3,Wait a Minute,6.43,339,4.6,35.9,3,1:12.31,39.2,4011,9,37.8
Aqueduct,Race 3,70000,2019-11-27,8 Furlongs,Dirt,4,13,5,Riot Worthy,6.46,339,2.0,35.7,2.5,1:12.83,39.2,4003,1,37.5
Aqueduct,Race 3,70000,2019-11-27,8 Furlongs,Dirt,5,13,2,Cathy Naz,6.37,341,7.2,36.4,1.5,1:13.26,39.2,4008,6,37.3
Aqueduct,Race 3,70000,2019-11-27,8 Furlongs,Dirt,6,13,6,She Takes Charge,6.29,345,11.0,37.4,0,1:13.52,39.0,4028,26,37.4
Aqueduct,Race 3,70000,2019-11-27,8 Furlongs,Dirt,1,14,4,Cartwheel,6.49,334,3.7,35.1,0.75,1:18.49,40.1,4336,0,37.7
Aqueduct,Race 3,70000,2019-11-27,8 Furlongs,Dirt,2,14,1,Maiden Beauty,6.31,335,10.7,36.2,2,1:18.61,39.6,4346,10,37.7
Aqueduct,Race 3,70000,2019-11-27,8 Furlongs,Dirt,3,14,3,Wait a Minute,6.63,335,5.8,34.4,2.25,1:18.94,39.2,4345,9,37.5
Aqueduct,Race 3,70000,2019-11-27,8 Furlongs,Dirt,4,14,5,Riot Worthy,6.49,334,14.1,35.1,1.5,1:19.33,39.2,4337,1,37.3
Aqueduct,Race 3,70000,2019-11-27,8 Furlongs,Dirt,5,14,2,Cathy Naz,6.31,336,18.2,36.3,0.25,1:19.58,39.2,4344,8,37.2
Aqueduct,Race 3,70000,2019-11-27,8 Furlongs,Dirt,6,14,6,She Takes Charge,6.08,337,20.6,37.8,0,1:19.61,39.0,4365,29,37.4
Aqueduct,Race 3,70000,2019-11-27,8 Furlongs,Dirt,1,15,1,Maiden Beauty,6.37,333,21.7,35.6,0.25,1:24.98,39.6,4678,0,37.5
Aqueduct,Race 3,70000,2019-11-27,8 Furlongs,Dirt,2,15,4,Cartwheel,6.55,331,7.4,34.5,3.75,1:25.04,40.1,4668,-10,37.4
Aqueduct,Race 3,70000,2019-11-27,8 Furlongs,Dirt,3,15,6,She Takes Charge,6.08,332,25.8,37.2,0.25,1:25.70,39.0,4698,20,37.4
Aqueduct,Race 3,70000,2019-11-27,8 Furlongs,Dirt,4,15,3,Wait a Minute,6.81,333,11.1,33.4,0.75,1:25.75,39.2,4679,1,37.2
Aqueduct,Race 3,70000,2019-11-27,8 Furlongs,Dirt,5,15,5,Riot Worthy,6.55,332,21.9,34.6,0.75,1:25.88,39.2,4670,-8,37.1
Aqueduct,Race 3,70000,2019-11-27,8 Furlongs,Dirt,6,15,2,Cathy Naz,6.43,332,28.3,35.2,0,1:26.02,39.2,4676,-2,37.1
Aqueduct,Race 3,70000,2019-11-27,8 Furlongs,Dirt,1,16,1,Maiden Beauty,6.55,332,21.9,34.5,1.5,1:31.53,39.6,5010,0,37.3
Aqueduct,Race 3,70000,2019-11-27,8 Furlongs,Dirt,2,16,4,Cartwheel,6.78,333,7.6,33.5,1.5,1:31.82,40.1,5000,-10,37.1
Aqueduct,Race 3,70000,2019-11-27,8 Furlongs,Dirt,3,16,6,She Takes Charge,6.37,332,25.0,35.5,3,1:32.08,39.0,5030,20,37.2
Aqueduct,Race 3,70000,2019-11-27,8 Furlongs,Dirt,4,16,2,Cathy Naz,6.60,333,26.9,34.3,0.25,1:32.63,39.2,5009,-1,36.9
Aqueduct,Race 3,70000,2019-11-27,8 Furlongs,Dirt,5,16,5,Riot Worthy,6.75,332,16.5,33.5,0.25,1:32.63,39.2,5001,-9,36.8
Aqueduct,Race 3,70000,2019-11-27,8 Furlongs,Dirt,6,16,3,Wait a Minute,6.95,332,13.5,32.6,0,1:32.71,39.2,5011,1,36.9
Aqueduct,Race 3,70000,2019-11-27,8 Furlongs,Dirt,1,17,1,Maiden Beauty,6.89,332,19.2,32.8,1.25,1:38.43,39.6,5342,0,37.0
Aqueduct,Race 3,70000,2019-11-27,8 Furlongs,Dirt,2,17,6,She Takes Charge,6.60,332,24.0,34.3,1.5,1:38.69,39.0,5362,20,37.0
Aqueduct,Race 3,70000,2019-11-27,8 Furlongs,Dirt,3,17,4,Cartwheel,7.18,332,8.3,31.5,1.75,1:39.00,40.1,5333,-9,36.7
Aqueduct,Race 3,70000,2019-11-27,8 Furlongs,Dirt,4,17,2,Cathy Naz,6.69,332,18.9,33.9,2,1:39.32,39.2,5341,-1,36.7
Aqueduct,Race 3,70000,2019-11-27,8 Furlongs,Dirt,5,17,5,Riot Worthy,7.07,333,13.1,32.1,1.5,1:39.70,39.2,5334,-8,36.5
Aqueduct,Race 3,70000,2019-11-27,8 Furlongs,Dirt,6,17,3,Wait a Minute,7.30,332,5.3,31.0,0,1:40.01,39.2,5344,2,36.4
Aqueduct,Race 4,41000,2019-11-27,6 Furlongs,Dirt,1,2,1,Clear the Ramp,6.46,333,11.4,35.1,0.25,6.46,35.1,333,0,35.1
Aqueduct,Race 4,41000,2019-11-27,6 Furlongs,Dirt,2,2,5,No More Miracles,6.46,331,16.9,34.9,0.25,6.46,34.9,331,-2,34.9
Aqueduct,Race 4,41000,2019-11-27,6 Furlongs,Dirt,3,2,7,Hudson Overpass,6.50,331,22.1,34.7,1.25,6.50,34.7,331,-2,34.7
Aqueduct,Race 4,41000,2019-11-27,6 Furlongs,Dirt,4,2,4,Jet for Andy,6.67,332,16.9,33.9,0.25,6.67,33.9,332,-1,33.9
Aqueduct,Race 4,41000,2019-11-27,6 Furlongs,Dirt,5,2,3,Tatterazzi,6.72,332,8.5,33.7,0.5,6.72,33.7,332,-1,33.7
Aqueduct,Race 4,41000,2019-11-27,6 Furlongs,Dirt,6,2,10,Alert the Media,6.79,333,26.4,33.4,0.75,6.79,33.4,333,0,33.4
Aqueduct,Race 4,41000,2019-11-27,6 Furlongs,Dirt,7,2,6,Plebe,6.92,332,19.8,32.7,0,6.92,32.7,332,-1,32.7
Aqueduct,Race 4,41000,2019-11-27,6 Furlongs,Dirt,1,3,1,Clear the Ramp,5.56,331,10.8,40.5,0.5,12.03,40.5,663,0,37.6
Aqueduct,Race 4,41000,2019-11-27,6 Furlongs,Dirt,2,3,5,No More Miracles,5.62,332,14.9,40.2,0.5,12.09,40.2,663,0,37.4
Aqueduct,Race 4,41000,2019-11-27,6 Furlongs,Dirt,3,3,7,Hudson Overpass,5.65,333,20.9,40.2,0.75,12.15,40.2,664,1,37.2
Aqueduct,Race 4,41000,2019-11-27,6 Furlongs,Dirt,4,3,3,Tatterazzi,5.54,331,8.1,40.8,0.5,12.26,40.8,663,0,36.9
Aqueduct,Race 4,41000,2019-11-27,6 Furlongs,Dirt,5,3,4,Jet for Andy,5.68,332,14.2,39.8,1.25,12.36,39.8,664,1,36.6
Aqueduct,Race 4,41000,2019-11-27,6 Furlongs,Dirt,6,3,6,Plebe,5.62,332,20.0,40.2,0.5,12.55,40.2,664,1,36.1
Aqueduct,Race 4,41000,2019-11-27,6 Furlongs,Dirt,7,3,10,Alert the Media,5.82,332,24.0,38.8,0,12.62,38.8,665,2,35.9
Aqueduct,Race 4,41000,2019-11-27,6 Furlongs,Dirt,1,4,1,Clear the Ramp,5.56,332,5.9,40.6,0.5,17.60,40.6,995,0,38.5
Aqueduct,Race 4,41000,2019-11-27,6 Furlongs,Dirt,2,4,5,No More Miracles,5.59,333,8.9,40.5,0.5,17.69,40.5,996,1,38.4
Aqueduct,Race 4,41000,2019-11-27,6 Furlongs,Dirt,3,4,7,Hudson Overpass,5.59,332,14.5,40.4,0.5,17.75,40.4,996,1,38.2
Aqueduct,Race 4,41000,2019-11-27,6 Furlongs,Dirt,4,4,3,Tatterazzi,5.56,333,3.8,40.8,0.5,17.83,40.8,997,2,38.1
Aqueduct,Race 4,41000,2019-11-27,6 Furlongs,Dirt,5,4,4,Jet for Andy,5.54,332,9.5,40.9,1.5,17.90,40.9,996,1,37.9
Aqueduct,Race 4,41000,2019-11-27,6 Furlongs,Dirt,6,4,6,Plebe,5.59,332,14.3,40.4,0.5,18.15,40.4,996,1,37.4
Aqueduct,Race 4,41000,2019-11-27,6 Furlongs,Dirt,7,4,10,Alert the Media,5.59,332,19.0,40.5,0,18.22,40.5,997,2,37.3
Aqueduct,Race 4,41000,2019-11-27,6 Furlongs,Dirt,1,5,1,Clear the Ramp,5.74,333,2.3,39.5,0.25,23.34,40.6,1328,0,38.8
Aqueduct,Race 4,41000,2019-11-27,6 Furlongs,Dirt,2,5,5,No More Miracles,5.65,331,8.3,39.9,0.25,23.35,40.5,1327,-1,38.7
Aqueduct,Race 4,41000,2019-11-27,6 Furlongs,Dirt,3,5,7,Hudson Overpass,5.62,331,13.1,40.1,0.75,23.38,40.4,1327,-1,38.7
Aqueduct,Race 4,41000,2019-11-27,6 Furlongs,Dirt,4,5,3,Tatterazzi,5.68,332,1.6,39.8,0.5,23.51,40.8,1329,1,38.5
Aqueduct,Race 4,41000,2019-11-27,6 Furlongs,Dirt,5,5,4,Jet for Andy,5.68,332,6.7,39.8,1.5,23.58,40.9,1327,-1,38.4
Aqueduct,Race 4,41000,2019-11-27,6 Furlongs,Dirt,6,5,10,Alert the Media,5.59,331,16.1,40.4,0.1,23.82,40.5,1328,0,38.0
Aqueduct,Race 4,41000,2019-11-27,6 Furlongs,Dirt,7,5,6,Plebe,5.68,333,11.0,39.9,0,23.84,40.4,1329,1,38.0
Aqueduct,Race 4,41000,2019-11-27,6 Furlongs,Dirt,1,6,5,No More Miracles,5.91,339,8.0,39.0,0.25,29.26,40.5,1665,0,38.8
Aqueduct,Race 4,41000,2019-11-27,6 Furlongs,Dirt,2,6,7,Hudson Overpass,5.91,341,15.0,39.3,1,29.30,40.4,1669,4,38.8
Aqueduct,Race 4,41000,2019-11-27,6 Furlongs,Dirt,3,6,3,Tatterazzi,5.94,333,4.4,38.2,0.75,29.46,40.8,1661,-4,38.4
Aqueduct,Race 4,41000,2019-11-27,6 Furlongs,Dirt,4,6,4,Jet for Andy,6.00,338,12.4,38.4,1.25,29.59,40.9,1665,0,38.4
Aqueduct,Race 4,41000,2019-11-27,6 Furlongs,Dirt,5,6,6,Plebe,5.97,340,12.5,38.8,0.25,29.81,40.4,1669,4,38.2
Aqueduct,Race 4,41000,2019-11-27,6 Furlongs,Dirt,6,6,10,Alert the Media,6.03,344,20.0,38.9,1.25,29.85,40.5,1672,7,38.2
Aqueduct,Race 4,41000,2019-11-27,6 Furlongs,Dirt,7,6,1,Clear the Ramp,6.81,335,8.9,33.6,0,30.15,40.6,1663,-2,37.6
Aqueduct,Race 4,41000,2019-11-27,6 Furlongs,Dirt,1,7,5,No More Miracles,6.11,337,7.2,37.6,0.25,35.38,40.5,2003,0,38.6
Aqueduct,Race 4,41000,2019-11-27,6 Furlongs,Dirt,2,7,7,Hudson Overpass,6.08,341,11.1,38.2,1.5,35.39,40.4,2009,6,38.7
Aqueduct,Race 4,41000,2019-11-27,6 Furlongs,Dirt,3,7,3,Tatterazzi,6.17,335,5.9,37.0,1.25,35.63,40.8,1996,-7,38.2
Aqueduct,Race 4,41000,2019-11-27,6 Furlongs,Dirt,4,7,4,Jet for Andy,6.26,341,11.5,37.1,1.5,35.85,40.9,2006,3,38.1
Aqueduct,Race 4,41000,2019-11-27,6 Furlongs,Dirt,5,7,6,Plebe,6.26,340,11.2,37.0,0.25,36.07,40.4,2009,6,38.0
Aqueduct,Race 4,41000,2019-11-27,6 Furlongs,Dirt,6,7,10,Alert the Media,6.26,344,16.8,37.5,0,36.11,40.5,2017,14,38.1
Aqueduct,Race 4,41000,2019-11-27,6 Furlongs,Dirt,1,8,5,No More Miracles,6.23,337,8.4,36.9,0.25,41.61,40.5,2340,0,38.3
Aqueduct,Race 4,41000,2019-11-27,6 Furlongs,Dirt,2,8,7,Hudson Overpass,6.26,342,12.9,37.2,1.25,41.65,40.4,2351,11,38.5
Aqueduct,Race 4,41000,2019-11-27,6 Furlongs,Dirt,3,8,3,Tatterazzi,6.23,337,7.4,36.9,2,41.87,40.8,2334,-6,38.0
Aqueduct,Race 4,41000,2019-11-27,6 Furlongs,Dirt,4,8,4,Jet for Andy,6.34,340,14.0,36.5,1.25,42.20,40.9,2346,6,37.9
Aqueduct,Race 4,41000,2019-11-27,6 Furlongs,Dirt,5,8,6,Plebe,6.37,342,14.2,36.6,0.25,42.45,40.4,2351,11,37.8
Aqueduct,Race 4,41000,2019-11-27,6 Furlongs,Dirt,6,8,10,Alert the Media,6.34,345,18.8,37.0,0,42.46,40.5,2362,22,37.9
Aqueduct,Race 4,41000,2019-11-27,6 Furlongs,Dirt,1,9,5,No More Miracles,6.34,338,1.9,36.3,0.25,47.96,40.5,2678,0,38.1
Aqueduct,Race 4,41000,2019-11-27,6 Furlongs,Dirt,2,9,7,Hudson Overpass,6.34,341,6.0,36.6,1.25,48.00,40.4,2692,14,38.2
Aqueduct,Race 4,41000,2019-11-27,6 Furlongs,Dirt,3,9,3,Tatterazzi,6.31,337,8.9,36.4,3,48.19,40.8,2671,-7,37.8
Aqueduct,Race 4,41000,2019-11-27,6 Furlongs,Dirt,4,9,4,Jet for Andy,6.49,342,9.1,35.9,1,48.69,40.9,2687,9,37.6
Aqueduct,Race 4,41000,2019-11-27,6 Furlongs,Dirt,5,9,6,Plebe,6.40,340,5.2,36.1,0.5,48.86,40.4,2690,12,37.5
Aqueduct,Race 4,41000,2019-11-27,6 Furlongs,Dirt,6,9,10,Alert the Media,6.46,343,11.2,36.2,0,48.92,40.5,2705,27,37.7
Aqueduct,Race 4,41000,2019-11-27,6 Furlongs,Dirt,1,10,7,Hudson Overpass,6.20,334,8.2,36.7,0.1,54.20,40.4,3026,0,38.1
Aqueduct,Race 4,41000,2019-11-27,6 Furlongs,Dirt,2,10,5,No More Miracles,6.26,333,3.2,36.3,1.5,54.22,40.5,3011,-15,37.9
Aqueduct,Race 4,41000,2019-11-27,6 Furlongs,Dirt,3,10,3,Tatterazzi,6.29,336,16.4,36.4,4.5,54.48,40.8,3007,-19,37.6
Aqueduct,Race 4,41000,2019-11-27,6 Furlongs,Dirt,4,10,6,Plebe,6.31,335,11.4,36.2,0.5,55.18,40.4,3026,0,37.4
Aqueduct,Race 4,41000,2019-11-27,6 Furlongs,Dirt,5,10,4,Jet for Andy,6.55,336,15.6,35.0,0.75,55.24,40.9,3023,-3,37.3
Aqueduct,Race 4,41000,2019-11-27,6 Furlongs,Dirt,6,10,10,Alert the Media,6.40,336,18.9,35.8,0,55.33,40.5,3041,15,37.5
Aqueduct,Race 4,41000,2019-11-27,6 Furlongs,Dirt,1,11,5,No More Miracles,6.26,331,5.6,36.1,0.25,1:00.49,40.5,3343,0,37.7
Aqueduct,Race 4,41000,2019-11-27,6 Furlongs,Dirt,2,11,7,Hudson Overpass,6.31,333,13.1,35.9,2,1:00.52,40.4,3358,15,37.8
Aqueduct,Race 4,41000,2019-11-27,6 Furlongs,Dirt,3,11,3,Tatterazzi,6.37,331,16.8,35.4,3.75,1:00.86,40.8,3338,-5,37.4
Aqueduct,Race 4,41000,2019-11-27,6 Furlongs,Dirt,4,11,6,Plebe,6.31,332,15.9,35.8,1.5,1:01.50,40.4,3358,15,37.2
Aqueduct,Race 4,41000,2019-11-27,6 Furlongs,Dirt,5,11,10,Alert the Media,6.43,334,27.8,35.3,0.25,1:01.77,40.5,3375,32,37.3
Aqueduct,Race 4,41000,2019-11-27,6 Furlongs,Dirt,6,11,4,Jet for Andy,6.55,333,22.8,34.6,0,1:01.79,40.9,3356,13,37.0
Aqueduct,Race 4,41000,2019-11-27,6 Furlongs,Dirt,1,12,5,No More Miracles,6.40,333,6.9,35.4,0.75,1:06.89,40.5,3676,0,37.5
Aqueduct,Race 4,41000,2019-11-27,6 Furlongs,Dirt,2,12,7,Hudson Overpass,6.46,331,9.6,35.0,3,1:06.99,40.4,3690,14,37.6
Aqueduct,Race 4,41000,2019-11-27,6 Furlongs,Dirt,3,12,3,Tatterazzi,6.66,333,18.6,34.0,2.75,1:07.52,40.8,3671,-5,37.1
Aqueduct,Race 4,41000,2019-11-27,6 Furlongs,Dirt,4,12,6,Plebe,6.49,332,17.8,34.9,2,1:07.99,40.4,3690,14,37.0
Aqueduct,Race 4,41000,2019-11-27,6 Furlongs,Dirt,5,12,10,Alert the Media,6.55,332,23.9,34.5,2,1:08.32,40.5,3707,31,37.0
Aqueduct,Race 4,41000,2019-11-27,6 Furlongs,Dirt,6,12,4,Jet for Andy,6.89,332,20.6,32.8,0,1:08.69,40.9,3688,12,36.6
Aqueduct,Race 4,41000,2019-11-27,6 Furlongs,Dirt,1,13,5,No More Miracles,6.83,331,3.5,33.0,0.25,1:13.73,40.5,4007,0,37.1
Aqueduct,Race 4,41000,2019-11-27,6 Furlongs,Dirt,2,13,7,Hudson Overpass,6.81,332,7.3,33.3,3.5,1:13.80,40.4,4022,15,37.2
Aqueduct,Race 4,41000,2019-11-27,6 Furlongs,Dirt,3,13,3,Tatterazzi,6.95,333,13.9,32.6,1,1:14.48,40.8,4004,-3,36.7
Aqueduct,Race 4,41000,2019-11-27,6 Furlongs,Dirt,4,13,6,Plebe,6.69,332,9.9,33.8,2.25,1:14.68,40.4,4023,16,36.7
Aqueduct,Race 4,41000,2019-11-27,6 Furlongs,Dirt,5,13,10,Alert the Media,6.75,332,18.5,33.5,5,1:15.07,40.5,4039,32,36.7
Aqueduct,Race 4,41000,2019-11-27,6 Furlongs,Dirt,6,13,4,Jet for Andy,7.41,333,17.2,30.6,0,1:16.11,40.9,4021,14,36.0
Aqueduct,Race 5,52000,2019-11-27,6 Furlongs,Dirt,1,2,2,Honey Graeme,6.43,332,11.9,35.2,0.5,6.43,35.2,332,0,35.2
Aqueduct,Race 5,52000,2019-11-27,6 Furlongs,Dirt,2,2,4,Science Fiction,6.51,332,17.8,34.7,0.5,6.51,34.7,332,0,34.7
Aqueduct,Race 5,52000,2019-11-27,6 Furlongs,Dirt,3,2,6,Mo Flash,6.58,333,26.3,34.5,0.75,6.58,34.5,333,1,34.5
Aqueduct,Race 5,52000,2019-11-27,6 Furlongs,Dirt,4,2,3,Miss Jak,6.68,331,14.7,33.8,0.25,6.68,33.8,331,-1,33.8
Aqueduct,Race 5,52000,2019-11-27,6 Furlongs,Dirt,5,2,5,Might Be,6.72,333,19.6,33.7,0.75,6.72,33.7,333,1,33.7
Aqueduct,Race 5,52000,2019-11-27,6 Furlongs,Dirt,6,2,7,Gypsy Janie,6.87,332,29.5,33.0,0,6.87,33.0,332,0,33.0
Aqueduct,Race 5,52000,2019-11-27,6 Furlongs,Dirt,1,3,2,Honey Graeme,5.51,333,8.2,41.2,0.25,11.94,41.2,665,0,37.9
Aqueduct,Race 5,52000,2019-11-27,6 Furlongs,Dirt,2,3,4,Science Fiction,5.45,331,12.7,41.4,0.75,11.96,41.4,663,-2,37.8
Aqueduct,Race 5,52000,2019-11-27,6 Furlongs,Dirt,3,3,6,Mo Flash,5.48,331,19.8,41.2,1,12.07,41.2,664,-1,37.5
Aqueduct,Race 5,52000,2019-11-27,6 Furlongs,Dirt,4,3,3,Miss Jak,5.51,332,10.1,41.1,1.25,12.20,41.1,664,-1,37.1
Aqueduct,Race 5,52000,2019-11-27,6 Furlongs,Dirt,5,3,7,Gypsy Janie,5.48,331,22.7,41.2,0.25,12.35,41.2,664,-1,36.6
Aqueduct,Race 5,52000,2019-11-27,6 Furlongs,Dirt,6,3,5,Might Be,5.65,331,13.9,39.9,0,12.38,39.9,664,-1,36.6
Aqueduct,Race 5,52000,2019-11-27,6 Furlongs,Dirt,1,4,2,Honey Graeme,5.45,331,4.5,41.4,0.25,17.40,41.4,996,0,39.0
Aqueduct,Race 5,52000,2019-11-27,6 Furlongs,Dirt,2,4,4,Science Fiction,5.45,332,12.6,41.5,0.75,17.42,41.5,995,-1,38.9
Aqueduct,Race 5,52000,2019-11-27,6 Furlongs,Dirt,3,4,6,Mo Flash,5.48,332,11.9,41.3,1,17.55,41.3,996,0,38.7
Aqueduct,Race 5,52000,2019-11-27,6 Furlongs,Dirt,4,4,3,Miss Jak,5.51,333,7.1,41.2,0.25,17.71,41.2,997,1,38.4
Aqueduct,Race 5,52000,2019-11-27,6 Furlongs,Dirt,5,4,7,Gypsy Janie,5.39,332,15.3,42.0,1.5,17.75,42.0,996,0,38.2
Aqueduct,Race 5,52000,2019-11-27,6 Furlongs,Dirt,6,4,5,Might Be,5.56,332,8.4,40.6,0,17.95,40.6,996,0,37.8
Aqueduct,Race 5,52000,2019-11-27,6 Furlongs,Dirt,1,5,2,Honey Graeme,5.56,332,1.6,40.6,0.25,22.97,41.4,1328,0,39.4
Aqueduct,Race 5,52000,2019-11-27,6 Furlongs,Dirt,2,5,4,Science Fiction,5.56,333,6.7,40.7,1,22.99,41.5,1327,-1,39.4
Aqueduct,Race 5,52000,2019-11-27,6 Furlongs,Dirt,3,5,6,Mo Flash,5.59,332,8.3,40.4,0.5,23.15,41.3,1328,0,39.1
Aqueduct,Race 5,52000,2019-11-27,6 Furlongs,Dirt,4,5,3,Miss Jak,5.51,331,4.3,40.9,0.75,23.22,41.2,1327,-1,39.0
Aqueduct,Race 5,52000,2019-11-27,6 Furlongs,Dirt,5,5,7,Gypsy Janie,5.59,332,11.4,40.4,2.25,23.34,42.0,1327,-1,38.8
Aqueduct,Race 5,52000,2019-11-27,6 Furlongs,Dirt,6,5,5,Might Be,5.71,333,6.2,39.7,0,23.66,40.6,1329,1,38.3
Aqueduct,Race 5,52000,2019-11-27,6 Furlongs,Dirt,1,6,2,Honey Graeme,5.80,333,4.3,39.1,0.25,28.77,41.4,1660,0,39.3
Aqueduct,Race 5,52000,2019-11-27,6 Furlongs,Dirt,2,6,4,Science Fiction,5.82,337,9.1,39.4,0.75,28.82,41.5,1664,4,39.4
Aqueduct,Race 5,52000,2019-11-27,6 Furlongs,Dirt,3,6,6,Mo Flash,5.80,340,9.8,39.9,0.75,28.95,41.3,1668,8,39.3
Aqueduct,Race 5,52000,2019-11-27,6 Furlongs,Dirt,4,6,3,Miss Jak,5.82,336,6.9,39.4,0.25,29.05,41.2,1664,4,39.0
Aqueduct,Race 5,52000,2019-11-27,6 Furlongs,Dirt,5,6,7,Gypsy Janie,5.77,342,13.5,40.4,2.75,29.12,42.0,1669,9,39.1
Aqueduct,Race 5,52000,2019-11-27,6 Furlongs,Dirt,6,6,5,Might Be,5.85,337,7.6,39.2,0,29.52,40.6,1666,6,38.5
Aqueduct,Race 5,52000,2019-11-27,6 Furlongs,Dirt,1,7,4,Science Fiction,5.94,338,10.7,38.8,0.1,34.76,41.5,2003,0,39.3
Aqueduct,Race 5,52000,2019-11-27,6 Furlongs,Dirt,2,7,2,Honey Graeme,6.00,336,7.0,38.1,1,34.77,41.4,1996,-7,39.1
Aqueduct,Race 5,52000,2019-11-27,6 Furlongs,Dirt,3,7,6,Mo Flash,6.00,340,16.1,38.6,0.5,34.95,41.3,2008,5,39.2
Aqueduct,Race 5,52000,2019-11-27,6 Furlongs,Dirt,4,7,3,Miss Jak,5.97,337,8.6,38.4,0.75,35.02,41.2,2000,-3,38.9
Aqueduct,Race 5,52000,2019-11-27,6 Furlongs,Dirt,5,7,7,Gypsy Janie,6.00,341,18.3,38.8,2.75,35.12,42.0,2010,7,39.0
Aqueduct,Race 5,52000,2019-11-27,6 Furlongs,Dirt,6,7,5,Might Be,6.03,337,12.1,38.1,0,35.55,40.6,2003,0,38.4
Aqueduct,Race 5,52000,2019-11-27,6 Furlongs,Dirt,1,8,4,Science Fiction,5.97,339,11.3,38.7,0.5,40.74,41.5,2342,0,39.2
Aqueduct,Race 5,52000,2019-11-27,6 Furlongs,Dirt,2,8,2,Honey Graeme,6.03,336,6.7,38.0,0.75,40.80,41.4,2332,-10,39.0
Aqueduct,Race 5,52000,2019-11-27,6 Furlongs,Dirt,3,8,6,Mo Flash,6.00,342,13.8,38.9,0.5,40.95,41.3,2350,8,39.1
Aqueduct,Race 5,52000,2019-11-27,6 Furlongs,Dirt,4,8,3,Miss Jak,6.03,339,10.6,38.3,1,41.06,41.2,2339,-3,38.8
Aqueduct,Race 5,52000,2019-11-27,6 Furlongs,Dirt,5,8,7,Gypsy Janie,6.08,345,18.1,38.6,2.75,41.21,42.0,2355,13,39.0
Aqueduct,Race 5,52000,2019-11-27,6 Furlongs,Dirt,6,8,5,Might Be,6.08,342,13.1,38.3,0,41.64,40.6,2345,3,38.4
Aqueduct,Race 5,52000,2019-11-27,6 Furlongs,Dirt,1,9,4,Science Fiction,6.08,340,2.0,38.1,1,46.83,41.5,2682,0,39.0
Aqueduct,Race 5,52000,2019-11-27,6 Furlongs,Dirt,2,9,2,Honey Graeme,6.17,337,1.6,37.2,0.5,46.98,41.4,2669,-13,38.7
Aqueduct,Race 5,52000,2019-11-27,6 Furlongs,Dirt,3,9,6,Mo Flash,6.08,341,6.6,38.2,1,47.04,41.3,2691,9,39.0
Aqueduct,Race 5,52000,2019-11-27,6 Furlongs,Dirt,4,9,3,Miss Jak,6.14,339,3.7,37.6,0.75,47.20,41.2,2678,-4,38.7
Aqueduct,Race 5,52000,2019-11-27,6 Furlongs,Dirt,5,9,7,Gypsy Janie,6.11,345,11.8,38.4,3,47.33,42.0,2700,18,38.9
Aqueduct,Race 5,52000,2019-11-27,6 Furlongs,Dirt,6,9,5,Might Be,6.14,340,10.1,37.7,0,47.79,40.6,2685,3,38.3
Aqueduct,Race 5,52000,2019-11-27,6 Furlongs,Dirt,1,10,4,Science Fiction,6.00,334,7.0,37.9,2.5,52.83,41.5,3016,0,38.9
Aqueduct,Race 5,52000,2019-11-27,6 Furlongs,Dirt,2,10,6,Mo Flash,6.14,335,14.7,37.2,0.75,53.19,41.3,3026,10,38.8
Aqueduct,Race 5,52000,2019-11-27,6 Furlongs,Dirt,3,10,2,Honey Graeme,6.34,332,1.6,35.7,0.5,53.33,41.4,3001,-15,38.4
Aqueduct,Race 5,52000,2019-11-27,6 Furlongs,Dirt,4,10,7,Gypsy Janie,6.06,336,20.6,37.8,0.25,53.39,42.0,3035,19,38.8
Aqueduct,Race 5,52000,2019-11-27,6 Furlongs,Dirt,5,10,3,Miss Jak,6.23,333,11.7,36.4,3.25,53.44,41.2,3011,-5,38.4
Aqueduct,Race 5,52000,2019-11-27,6 Furlongs,Dirt,6,10,5,Might Be,6.14,335,14.8,37.2,0,53.94,40.6,3020,4,38.2
Aqueduct,Race 5,52000,2019-11-27,6 Furlongs,Dirt,1,11,4,Science Fiction,6.14,333,9.0,36.9,2.5,58.98,41.5,3348,0,38.7
Aqueduct,Race 5,52000,2019-11-27,6 Furlongs,Dirt,2,11,6,Mo Flash,6.23,333,15.5,36.4,1,59.42,41.3,3359,11,38.5
Aqueduct,Race 5,52000,2019-11-27,6 Furlongs,Dirt,3,11,7,Gypsy Janie,6.23,333,25.5,36.4,1,59.62,42.0,3368,20,38.5
Aqueduct,Race 5,52000,2019-11-27,6 Furlongs,Dirt,4,11,3,Miss Jak,6.34,333,13.2,35.8,0.25,59.78,41.2,3344,-4,38.1
Aqueduct,Race 5,52000,2019-11-27,6 Furlongs,Dirt,5,11,2,Honey Graeme,6.49,333,4.1,34.9,1.5,59.82,41.4,3334,-14,38.0
Aqueduct,Race 5,52000,2019-11-27,6 Furlongs,Dirt,6,11,5,Might Be,6.14,333,26.5,37.0,0,1:00.08,40.6,3354,6,38.1
Aqueduct,Race 5,52000,2019-11-27,6 Furlongs,Dirt,1,12,4,Science Fiction,6.26,332,6.9,36.1,4.25,1:05.24,41.5,3680,0,38.5
Aqueduct,Race 5,52000,2019-11-27,6 Furlongs,Dirt,2,12,6,Mo Flash,6.52,332,18.0,34.7,1.5,1:05.95,41.3,3691,11,38.2
Aqueduct,Race 5,52000,2019-11-27,6 Furlongs,Dirt,3,12,3,Miss Jak,6.40,331,13.9,35.3,0.25,1:06.19,41.2,3675,-5,37.9
Aqueduct,Race 5,52000,2019-11-27,6 Furlongs,Dirt,4,12,7,Gypsy Janie,6.60,332,26.8,34.3,1.5,1:06.23,42.0,3701,21,38.1
Aqueduct,Race 5,52000,2019-11-27,6 Furlongs,Dirt,5,12,5,Might Be,6.40,332,25.8,35.3,2,1:06.49,40.6,3686,6,37.8
Aqueduct,Race 5,52000,2019-11-27,6 Furlongs,Dirt,6,12,2,Honey Graeme,7.09,333,6.3,32.0,0,1:06.92,41.4,3667,-13,37.4
Aqueduct,Race 5,52000,2019-11-27,6 Furlongs,Dirt,1,13,4,Science Fiction,6.60,333,2.3,34.4,4.75,1:11.85,41.5,4013,0,38.1
Aqueduct,Race 5,52000,2019-11-27,6 Furlongs,Dirt,2,13,6,Mo Flash,6.78,332,13.9,33.3,0.25,1:12.73,41.3,4023,10,37.7
Aqueduct,Race 5,52000,2019-11-27,6 Furlongs,Dirt,3,13,3,Miss Jak,6.60,333,6.9,34.3,1.25,1:12.80,41.2,4008,-5,37.5
Aqueduct,Race 5,52000,2019-11-27,6 Furlongs,Dirt,4,13,7,Gypsy Janie,6.81,332,17.7,33.2,0.75,1:13.04,42.0,4033,20,37.6
Aqueduct,Race 5,52000,2019-11-27,6 Furlongs,Dirt,5,13,5,Might Be,6.69,332,25.8,33.8,10.5,1:13.18,40.6,4017,4,37.4
Aqueduct,Race 5,52000,2019-11-27,6 Furlongs,Dirt,6,13,2,Honey Graeme,9.11,333,5.9,24.9,0,1:16.04,41.4,4000,-13,35.9
Aqueduct,Race 6,62000,2019-11-27,1 1/16 Miles,Turf,1,2,2,Implied Volatility,6.03,326,8.4,36.9,0.25,6.03,36.9,326,0,36.9
Aqueduct,Race 6,62000,2019-11-27,1 1/16 Miles,Turf,2,2,9,Dancers for Token,6.06,328,27.8,36.8,0.75,6.06,36.8,328,2,36.8
Aqueduct,Race 6,62000,2019-11-27,1 1/16 Miles,Turf,3,2,7,Klickitat,6.20,325,19.8,35.7,0.25,6.20,35.7,325,-1,35.7
Aqueduct,Race 6,62000,2019-11-27,1 1/16 Miles,Turf,4,2,3,Crazy Life,6.22,326,12.3,35.6,0.75,6.22,35.6,326,0,35.6
Aqueduct,Race 6,62000,2019-11-27,1 1/16 Miles,Turf,5,2,1,Awesome Adversary,6.35,325,6.0,34.8,0.5,6.35,34.8,325,-1,34.8
Aqueduct,Race 6,62000,2019-11-27,1 1/16 Miles,Turf,6,2,6,Jimmy Jazz,6.46,326,15.4,34.4,2.25,6.46,34.4,326,0,34.4
Aqueduct,Race 6,62000,2019-11-27,1 1/16 Miles,Turf,7,2,4,Kingfish,6.78,325,15.2,32.7,0,6.78,32.7,325,-1,32.7
Aqueduct,Race 6,62000,2019-11-27,1 1/16 Miles,Turf,1,3,2,Implied Volatility,5.80,333,3.0,39.1,0.25,11.83,39.1,659,0,38.0
Aqueduct,Race 6,62000,2019-11-27,1 1/16 Miles,Turf,2,3,9,Dancers for Token,5.77,332,13.2,39.2,1.75,11.83,39.2,660,1,38.0
Aqueduct,Race 6,62000,2019-11-27,1 1/16 Miles,Turf,3,3,7,Klickitat,5.91,333,9.8,38.4,0.25,12.12,38.4,658,-1,37.0
Aqueduct,Race 6,62000,2019-11-27,1 1/16 Miles,Turf,4,3,3,Crazy Life,5.94,334,2.4,38.3,1.5,12.17,38.3,659,0,36.9
Aqueduct,Race 6,62000,2019-11-27,1 1/16 Miles,Turf,5,3,6,Jimmy Jazz,5.88,331,9.1,38.4,0.25,12.34,38.4,658,-1,36.3
Aqueduct,Race 6,62000,2019-11-27,1 1/16 Miles,Turf,6,3,1,Awesome Adversary,6.06,333,1.6,37.5,3.25,12.41,37.5,658,-1,36.1
Aqueduct,Race 6,62000,2019-11-27,1 1/16 Miles,Turf,7,3,4,Kingfish,6.14,333,7.1,37.0,0,12.92,37.0,658,-1,34.7
Aqueduct,Race 6,62000,2019-11-27,1 1/16 Miles,Turf,1,4,2,Implied Volatility,5.85,332,1.6,38.6,0.25,17.69,39.1,991,0,38.2
Aqueduct,Race 6,62000,2019-11-27,1 1/16 Miles,Turf,2,4,9,Dancers for Token,5.85,332,5.7,38.7,2,17.69,39.2,992,1,38.2
Aqueduct,Race 6,62000,2019-11-27,1 1/16 Miles,Turf,3,4,7,Klickitat,5.88,332,4.0,38.5,0.25,18.00,38.5,990,-1,37.5
Aqueduct,Race 6,62000,2019-11-27,1 1/16 Miles,Turf,4,4,3,Crazy Life,5.85,331,1.6,38.5,1.25,18.03,38.5,990,-1,37.5
Aqueduct,Race 6,62000,2019-11-27,1 1/16 Miles,Turf,5,4,6,Jimmy Jazz,5.85,332,1.7,38.7,1.5,18.20,38.7,990,-1,37.1
Aqueduct,Race 6,62000,2019-11-27,1 1/16 Miles,Turf,6,4,1,Awesome Adversary,6.06,331,1.6,37.3,2.5,18.47,37.5,989,-2,36.5
Aqueduct,Race 6,62000,2019-11-27,1 1/16 Miles,Turf,7,4,4,Kingfish,5.94,331,3.5,38.0,0,18.87,38.0,989,-2,35.7
Aqueduct,Race 6,62000,2019-11-27,1 1/16 Miles,Turf,1,5,2,Implied Volatility,6.11,332,1.6,37.0,0.25,23.80,39.1,1322,0,37.9
Aqueduct,Race 6,62000,2019-11-27,1 1/16 Miles,Turf,2,5,9,Dancers for Token,6.17,338,7.5,37.4,1.5,23.87,39.2,1331,9,38.0
Aqueduct,Race 6,62000,2019-11-27,1 1/16 Miles,Turf,3,5,3,Crazy Life,6.08,333,1.6,37.3,0.25,24.12,38.5,1324,2,37.4
Aqueduct,Race 6,62000,2019-11-27,1 1/16 Miles,Turf,4,5,7,Klickitat,6.11,336,6.0,37.5,1.5,24.12,38.5,1326,4,37.5
Aqueduct,Race 6,62000,2019-11-27,1 1/16 Miles,Turf,5,5,6,Jimmy Jazz,6.17,335,1.8,36.9,2.25,24.38,38.7,1324,2,37.0
Aqueduct,Race 6,62000,2019-11-27,1 1/16 Miles,Turf,6,5,1,Awesome Adversary,6.29,331,1.6,35.8,1.25,24.76,37.5,1320,-2,36.3
Aqueduct,Race 6,62000,2019-11-27,1 1/16 Miles,Turf,7,5,4,Kingfish,6.14,337,5.2,37.4,0,25.01,38.0,1327,5,36.2
Aqueduct,Race 6,62000,2019-11-27,1 1/16 Miles,Turf,1,6,9,Dancers for Token,6.52,342,8.5,35.7,0.25,30.39,39.2,1672,0,37.5
Aqueduct,Race 6,62000,2019-11-27,1 1/16 Miles,Turf,2,6,2,Implied Volatility,6.60,334,1.8,34.4,1,30.41,39.1,1656,-16,37.1
Aqueduct,Race 6,62000,2019-11-27,1 1/16 Miles,Turf,3,6,7,Klickitat,6.43,338,7.3,35.8,0.75,30.56,38.5,1664,-8,37.1
Aqueduct,Race 6,62000,2019-11-27,1 1/16 Miles,Turf,4,6,3,Crazy Life,6.57,332,2.8,34.4,1,30.69,38.5,1655,-17,36.8
Aqueduct,Race 6,62000,2019-11-27,1 1/16 Miles,Turf,5,6,6,Jimmy Jazz,6.49,336,5.4,35.2,2.25,30.87,38.7,1660,-12,36.7
Aqueduct,Race 6,62000,2019-11-27,1 1/16 Miles,Turf,6,6,1,Awesome Adversary,6.46,332,1.6,35.0,1.5,31.22,37.5,1652,-20,36.1
Aqueduct,Race 6,62000,2019-11-27,1 1/16 Miles,Turf,7,6,4,Kingfish,6.49,339,5.2,35.6,0,31.51,38.0,1665,-7,36.0
Aqueduct,Race 6,62000,2019-11-27,1 1/16 Miles,Turf,1,7,2,Implied Volatility,6.52,335,1.6,35.0,0.25,36.93,39.1,1991,0,36.8
Aqueduct,Race 6,62000,2019-11-27,1 1/16 Miles,Turf,2,7,9,Dancers for Token,6.57,343,5.3,35.6,1,36.97,39.2,2016,25,37.2
Aqueduct,Race 6,62000,2019-11-27,1 1/16 Miles,Turf,3,7,7,Klickitat,6.63,342,3.8,35.1,0.25,37.20,38.5,2006,15,36.8
Aqueduct,Race 6,62000,2019-11-27,1 1/16 Miles,Turf,4,7,3,Crazy Life,6.57,336,1.6,34.8,1,37.27,38.5,1991,0,36.4
Aqueduct,Race 6,62000,2019-11-27,1 1/16 Miles,Turf,5,7,6,Jimmy Jazz,6.60,340,3.8,35.1,1.75,37.48,38.7,2000,9,36.4
Aqueduct,Race 6,62000,2019-11-27,1 1/16 Miles,Turf,6,7,1,Awesome Adversary,6.55,334,1.6,34.8,1.25,37.77,37.5,1986,-5,35.8
Aqueduct,Race 6,62000,2019-11-27,1 1/16 Miles,Turf,7,7,4,Kingfish,6.55,339,2.7,35.3,0,38.06,38.0,2004,13,35.9
Aqueduct,Race 6,62000,2019-11-27,1 1/16 Miles,Turf,1,8,2,Implied Volatility,6.23,332,1.6,36.3,0.5,43.17,39.1,2323,0,36.7
Aqueduct,Race 6,62000,2019-11-27,1 1/16 Miles,Turf,2,8,9,Dancers for Token,6.29,332,7.3,36.0,1.25,43.26,39.2,2348,25,37.0
Aqueduct,Race 6,62000,2019-11-27,1 1/16 Miles,Turf,3,8,7,Klickitat,6.29,333,6.9,36.0,0.75,43.49,38.5,2339,16,36.7
Aqueduct,Race 6,62000,2019-11-27,1 1/16 Miles,Turf,4,8,3,Crazy Life,6.31,332,2.1,35.8,0.5,43.59,38.5,2324,1,36.3
Aqueduct,Race 6,62000,2019-11-27,1 1/16 Miles,Turf,5,8,6,Jimmy Jazz,6.17,331,10.8,36.6,3.25,43.65,38.7,2331,8,36.4
Aqueduct,Race 6,62000,2019-11-27,1 1/16 Miles,Turf,6,8,1,Awesome Adversary,6.40,333,1.6,35.4,0.5,44.18,37.5,2318,-5,35.8
Aqueduct,Race 6,62000,2019-11-27,1 1/16 Miles,Turf,7,8,4,Kingfish,6.20,331,6.7,36.4,0,44.26,38.0,2336,13,36.0
Aqueduct,Race 6,62000,2019-11-27,1 1/16 Miles,Turf,1,9,2,Implied Volatility,6.17,332,1.6,36.7,0.25,49.34,39.1,2655,0,36.7
Aqueduct,Race 6,62000,2019-11-27,1 1/16 Miles,Turf,2,9,9,Dancers for Token,6.11,332,6.7,37.0,1.5,49.38,39.2,2680,25,37.0
Aqueduct,Race 6,62000,2019-11-27,1 1/16 Miles,Turf,3,9,7,Klickitat,6.14,332,7.5,36.8,0.25,49.63,38.5,2671,16,36.7
Aqueduct,Race 6,62000,2019-11-27,1 1/16 Miles,Turf,4,9,3,Crazy Life,6.08,332,3.5,37.2,0.25,49.68,38.5,2656,1,36.4
Aqueduct,Race 6,62000,2019-11-27,1 1/16 Miles,Turf,5,9,6,Jimmy Jazz,6.06,333,12.3,37.5,3.75,49.72,38.7,2664,9,36.5
Aqueduct,Race 6,62000,2019-11-27,1 1/16 Miles,Turf,6,9,1,Awesome Adversary,6.11,332,1.6,37.0,0.25,50.30,37.5,2651,-4,35.9
Aqueduct,Race 6,62000,2019-11-27,1 1/16 Miles,Turf,7,9,4,Kingfish,6.08,332,7.3,37.2,0,50.35,38.0,2668,13,36.1
Aqueduct,Race 6,62000,2019-11-27,1 1/16 Miles,Turf,1,10,9,Dancers for Token,6.11,333,3.9,37.1,0.25,55.50,39.2,3013,0,37.0
Aqueduct,Race 6,62000,2019-11-27,1 1/16 Miles,Turf,2,10,2,Implied Volatility,6.17,333,1.6,36.8,1,55.52,39.1,2988,-25,36.7
Aqueduct,Race 6,62000,2019-11-27,1 1/16 Miles,Turf,3,10,7,Klickitat,6.03,333,5.1,37.6,0.25,55.67,38.5,3004,-9,36.8
Aqueduct,Race 6,62000,2019-11-27,1 1/16 Miles,Turf,4,10,6,Jimmy Jazz,5.97,331,11.0,37.8,0.25,55.69,38.7,2996,-17,36.7
Aqueduct,Race 6,62000,2019-11-27,1 1/16 Miles,Turf,5,10,3,Crazy Life,6.06,332,3.5,37.4,4,55.74,38.5,2988,-25,36.5
Aqueduct,Race 6,62000,2019-11-27,1 1/16 Miles,Turf,6,10,1,Awesome Adversary,6.03,331,1.6,37.5,0.25,56.33,37.5,2982,-31,36.1
Aqueduct,Race 6,62000,2019-11-27,1 1/16 Miles,Turf,7,10,4,Kingfish,6.03,333,7.0,37.6,0,56.38,38.0,3001,-12,36.3
Aqueduct,Race 6,62000,2019-11-27,1 1/16 Miles,Turf,1,11,2,Implied Volatility,6.00,331,1.6,37.6,0.25,1:01.52,39.1,3319,0,36.8
Aqueduct,Race 6,62000,2019-11-27,1 1/16 Miles,Turf,2,11,9,Dancers for Token,6.08,332,2.3,37.2,0.25,1:01.58,39.2,3345,26,37.0
Aqueduct,Race 6,62000,2019-11-27,1 1/16 Miles,Turf,3,11,7,Klickitat,5.94,331,5.7,37.9,0.5,1:01.61,38.5,3334,15,36.9
Aqueduct,Race 6,62000,2019-11-27,1 1/16 Miles,Turf,4,11,6,Jimmy Jazz,6.03,333,8.8,37.6,0.75,1:01.72,38.7,3328,9,36.8
Aqueduct,Race 6,62000,2019-11-27,1 1/16 Miles,Turf,5,11,3,Crazy Life,6.11,332,3.4,37.0,2.75,1:01.86,38.5,3320,1,36.6
Aqueduct,Race 6,62000,2019-11-27,1 1/16 Miles,Turf,6,11,4,Kingfish,5.88,331,6.2,38.4,0.75,1:02.27,38.4,3332,13,36.5
Aqueduct,Race 6,62000,2019-11-27,1 1/16 Miles,Turf,7,11,1,Awesome Adversary,6.06,333,1.6,37.4,0,1:02.39,37.5,3315,-4,36.2
Aqueduct,Race 6,62000,2019-11-27,1 1/16 Miles,Turf,1,12,2,Implied Volatility,5.97,330,1.6,37.7,0.25,1:07.49,39.1,3650,0,36.9
Aqueduct,Race 6,62000,2019-11-27,1 1/16 Miles,Turf,2,12,9,Dancers for Token,5.91,332,1.6,38.3,0.75,1:07.50,39.2,3677,27,37.1
Aqueduct,Race 6,62000,2019-11-27,1 1/16 Miles,Turf,3,12,7,Klickitat,6.03,335,2.0,37.9,0.75,1:07.64,38.5,3670,20,37.0
Aqueduct,Race 6,62000,2019-11-27,1 1/16 Miles,Turf,4,12,6,Jimmy Jazz,6.06,336,6.3,37.8,0.5,1:07.78,38.7,3664,14,36.9
Aqueduct,Race 6,62000,2019-11-27,1 1/16 Miles,Turf,5,12,3,Crazy Life,6.00,332,1.6,37.7,3,1:07.86,38.5,3653,3,36.7
Aqueduct,Race 6,62000,2019-11-27,1 1/16 Miles,Turf,6,12,4,Kingfish,6.11,335,2.0,37.4,0.75,1:08.39,38.4,3668,18,36.6
Aqueduct,Race 6,62000,2019-11-27,1 1/16 Miles,Turf,7,12,1,Awesome Adversary,6.11,330,1.6,36.8,0,1:08.51,37.5,3645,-5,36.3
Aqueduct,Race 6,62000,2019-11-27,1 1/16 Miles,Turf,1,13,2,Implied Volatility,6.29,330,1.6,35.7,0.25,1:13.79,39.1,3980,0,36.8
Aqueduct,Race 6,62000,2019-11-27,1 1/16 Miles,Turf,2,13,9,Dancers for Token,6.34,335,1.9,36.0,0.25,1:13.85,39.2,4013,33,37.0
Aqueduct,Race 6,62000,2019-11-27,1 1/16 Miles,Turf,3,13,7,Klickitat,6.29,337,4.2,36.5,0.75,1:13.93,38.5,4006,26,36.9
Aqueduct,Race 6,62000,2019-11-27,1 1/16 Miles,Turf,4,13,3,Crazy Life,6.20,334,5.0,36.7,0.1,1:14.07,38.5,3986,6,36.7
Aqueduct,Race 6,62000,2019-11-27,1 1/16 Miles,Turf,5,13,6,Jimmy Jazz,6.31,341,6.5,36.8,4.25,1:14.10,38.7,4006,26,36.9
Aqueduct,Race 6,62000,2019-11-27,1 1/16 Miles,Turf,6,13,4,Kingfish,6.40,336,9.9,35.8,0.5,1:14.79,38.4,4004,24,36.5
Aqueduct,Race 6,62000,2019-11-27,1 1/16 Miles,Turf,7,13,1,Awesome Adversary,6.40,331,1.6,35.3,0,1:14.91,37.5,3976,-4,36.2
Aqueduct,Race 6,62000,2019-11-27,1 1/16 Miles,Turf,1,14,9,Dancers for Token,6.34,335,1.6,36.0,0.1,1:20.20,39.2,4348,0,37.0
Aqueduct,Race 6,62000,2019-11-27,1 1/16 Miles,Turf,2,14,2,Implied Volatility,6.43,331,1.6,35.0,0.25,1:20.22,39.1,4310,-38,36.6
Aqueduct,Race 6,62000,2019-11-27,1 1/16 Miles,Turf,3,14,7,Klickitat,6.29,337,1.6,36.5,1,1:20.22,38.5,4343,-5,36.9
Aqueduct,Race 6,62000,2019-11-27,1 1/16 Miles,Turf,4,14,6,Jimmy Jazz,6.29,340,5.9,36.9,0.5,1:20.39,38.7,4346,-2,36.9
Aqueduct,Race 6,62000,2019-11-27,1 1/16 Miles,Turf,5,14,3,Crazy Life,6.40,335,1.6,35.7,4.25,1:20.48,38.5,4321,-27,36.6
Aqueduct,Race 6,62000,2019-11-27,1 1/16 Miles,Turf,6,14,4,Kingfish,6.40,341,3.6,36.3,1,1:21.20,38.4,4344,-4,36.5
Aqueduct,Race 6,62000,2019-11-27,1 1/16 Miles,Turf,7,14,1,Awesome Adversary,6.43,331,1.6,35.1,0,1:21.35,37.5,4307,-41,36.1
Aqueduct,Race 6,62000,2019-11-27,1 1/16 Miles,Turf,1,15,7,Klickitat,6.20,333,11.5,36.6,0.25,1:26.43,38.5,4676,0,36.9
Aqueduct,Race 6,62000,2019-11-27,1 1/16 Miles,Turf,2,15,9,Dancers for Token,6.26,332,7.7,36.1,0.25,1:26.46,39.2,4680,4,36.9
Aqueduct,Race 6,62000,2019-11-27,1 1/16 Miles,Turf,3,15,2,Implied Volatility,6.26,327,1.6,35.6,0.75,1:26.48,39.1,4637,-39,36.6
Aqueduct,Race 6,62000,2019-11-27,1 1/16 Miles,Turf,4,15,6,Jimmy Jazz,6.20,334,15.8,36.8,0.1,1:26.60,38.7,4680,4,36.8
Aqueduct,Race 6,62000,2019-11-27,1 1/16 Miles,Turf,5,15,3,Crazy Life,6.14,332,11.2,36.8,5.25,1:26.62,38.5,4653,-23,36.6
Aqueduct,Race 6,62000,2019-11-27,1 1/16 Miles,Turf,6,15,4,Kingfish,6.29,332,15.2,36.0,1.25,1:27.49,38.4,4677,1,36.4
Aqueduct,Race 6,62000,2019-11-27,1 1/16 Miles,Turf,7,15,1,Awesome Adversary,6.31,329,7.3,35.5,0,1:27.67,37.5,4636,-40,36.1
Aqueduct,Race 6,62000,2019-11-27,1 1/16 Miles,Turf,1,16,6,Jimmy Jazz,6.11,333,22.3,37.1,0.1,1:32.71,38.7,5013,0,36.9
Aqueduct,Race 6,62000,2019-11-27,1 1/16 Miles,Turf,2,16,7,Klickitat,6.29,333,10.2,36.0,0.25,1:32.72,38.5,5008,-5,36.8
Aqueduct,Race 6,62000,2019-11-27,1 1/16 Miles,Turf,3,16,3,Crazy Life,6.14,331,15.9,36.8,0.5,1:32.77,38.5,4985,-28,36.6
Aqueduct,Race 6,62000,2019-11-27,1 1/16 Miles,Turf,4,16,9,Dancers for Token,6.40,332,5.9,35.4,1,1:32.87,39.2,5012,-1,36.8
Aqueduct,Race 6,62000,2019-11-27,1 1/16 Miles,Turf,5,16,2,Implied Volatility,6.57,333,2.4,34.5,5,1:33.06,39.1,4970,-43,36.4
Aqueduct,Race 6,62000,2019-11-27,1 1/16 Miles,Turf,6,16,4,Kingfish,6.43,332,16.7,35.2,0.75,1:33.93,38.4,5009,-4,36.4
Aqueduct,Race 6,62000,2019-11-27,1 1/16 Miles,Turf,7,16,1,Awesome Adversary,6.37,332,7.4,35.5,0,1:34.05,37.5,4969,-44,36.0
Aqueduct,Race 6,62000,2019-11-27,1 1/16 Miles,Turf,1,17,6,Jimmy Jazz,6.17,332,21.9,36.7,0.25,1:38.89,38.7,5345,0,36.9
Aqueduct,Race 6,62000,2019-11-27,1 1/16 Miles,Turf,2,17,7,Klickitat,6.20,332,6.4,36.5,0.1,1:38.92,38.5,5340,-5,36.8
Aqueduct,Race 6,62000,2019-11-27,1 1/16 Miles,Turf,3,17,3,Crazy Life,6.17,333,11.1,36.8,3,1:38.94,38.5,5318,-27,36.6
Aqueduct,Race 6,62000,2019-11-27,1 1/16 Miles,Turf,4,17,9,Dancers for Token,6.60,332,7.8,34.2,2,1:39.48,39.2,5344,-1,36.6
Aqueduct,Race 6,62000,2019-11-27,1 1/16 Miles,Turf,5,17,2,Implied Volatility,6.78,332,7.1,33.4,2.5,1:39.84,39.1,5302,-43,36.2
Aqueduct,Race 6,62000,2019-11-27,1 1/16 Miles,Turf,6,17,1,Awesome Adversary,6.20,332,12.3,36.5,0.5,1:40.25,37.5,5301,-44,36.0
Aqueduct,Race 6,62000,2019-11-27,1 1/16 Miles,Turf,7,17,4,Kingfish,6.43,333,18.4,35.3,0,1:40.36,38.4,5342,-3,36.3
Aqueduct,Race 6,62000,2019-11-27,1 1/16 Miles,Turf,1,18,6,Jimmy Jazz,6.31,332,7.9,35.8,0.25,1:45.21,38.7,5677,0,36.8
Aqueduct,Race 6,62000,2019-11-27,1 1/16 Miles,Turf,2,18,7,Klickitat,6.31,333,1.6,35.9,0.25,1:45.24,38.5,5673,-4,36.8
Aqueduct,Race 6,62000,2019-11-27,1 1/16 Miles,Turf,3,18,3,Crazy Life,6.37,332,6.9,35.5,6,1:45.32,38.5,5650,-27,36.6
Aqueduct,Race 6,62000,2019-11-27,1 1/16 Miles,Turf,4,18,9,Dancers for Token,6.95,332,3.4,32.5,0.5,1:46.43,39.2,5676,-1,36.4
Aqueduct,Race 6,62000,2019-11-27,1 1/16 Miles,Turf,5,18,1,Awesome Adversary,6.31,333,12.8,35.9,1.25,1:46.57,37.5,5633,-44,36.0
Aqueduct,Race 6,62000,2019-11-27,1 1/16 Miles,Turf,6,18,2,Implied Volatility,7.01,333,2.6,32.4,0.5,1:46.86,39.1,5635,-42,36.0
Aqueduct,Race 6,62000,2019-11-27,1 1/16 Miles,Turf,7,18,4,Kingfish,6.63,332,17.2,34.1,0,1:47.00,38.4,5674,-3,36.2
Aqueduct,Race 7,75000,2019-11-27,6 Furlongs,Outer Turf,1,2,2,Aye Aye Sir,6.40,333,14.7,35.4,0.75,6.40,35.4,333,0,35.4
Aqueduct,Race 7,75000,2019-11-27,6 Furlongs,Outer Turf,2,2,7,Turned Aside,6.49,332,23.7,34.9,0.75,6.49,34.9,332,-1,34.9
Aqueduct,Race 7,75000,2019-11-27,6 Furlongs,Outer Turf,3,2,6,Mission Wrapitup,6.60,333,18.4,34.3,0.5,6.60,34.3,333,0,34.3
Aqueduct,Race 7,75000,2019-11-27,6 Furlongs,Outer Turf,4,2,9,Maxwell Esquire,6.68,331,28.3,33.8,0.5,6.68,33.8,331,-2,33.8
Aqueduct,Race 7,75000,2019-11-27,6 Furlongs,Outer Turf,5,2,3,Mo Ready,6.77,331,10.5,33.4,0.25,6.77,33.4,331,-2,33.4
Aqueduct,Race 7,75000,2019-11-27,6 Furlongs,Outer Turf,6,2,1,Turbo Drive,6.80,332,5.9,33.3,0.5,6.80,33.3,332,-1,33.3
Aqueduct,Race 7,75000,2019-11-27,6 Furlongs,Outer Turf,7,2,8,Big Package,6.86,333,21.6,33.0,0.25,6.86,33.0,333,0,33.0
Aqueduct,Race 7,75000,2019-11-27,6 Furlongs,Outer Turf,8,2,4,Dubai Bobby,6.89,332,14.1,32.8,0,6.89,32.8,332,-1,32.8
Aqueduct,Race 7,75000,2019-11-27,6 Furlongs,Outer Turf,1,3,2,Aye Aye Sir,5.45,331,5.6,41.4,1.25,11.85,41.4,664,0,38.2
Aqueduct,Race 7,75000,2019-11-27,6 Furlongs,Outer Turf,2,3,7,Turned Aside,5.51,331,11.2,41.0,0.25,12.00,41.0,663,-1,37.7
Aqueduct,Race 7,75000,2019-11-27,6 Furlongs,Outer Turf,3,3,6,Mission Wrapitup,5.45,333,3.5,41.6,1.5,12.05,41.6,665,1,37.6
Aqueduct,Race 7,75000,2019-11-27,6 Furlongs,Outer Turf,4,3,9,Maxwell Esquire,5.59,334,12.5,40.7,0.25,12.28,40.7,665,1,36.9
Aqueduct,Race 7,75000,2019-11-27,6 Furlongs,Outer Turf,5,3,3,Mo Ready,5.56,333,6.5,40.8,0.25,12.34,40.8,664,0,36.7
Aqueduct,Race 7,75000,2019-11-27,6 Furlongs,Outer Turf,6,3,1,Turbo Drive,5.54,331,1.6,40.7,1,12.34,40.7,663,-1,36.7
Aqueduct,Race 7,75000,2019-11-27,6 Furlongs,Outer Turf,7,3,4,Dubai Bobby,5.59,333,8.4,40.5,0.1,12.49,40.5,665,1,36.3
Aqueduct,Race 7,75000,2019-11-27,6 Furlongs,Outer Turf,8,3,8,Big Package,5.65,333,12.8,40.1,0,12.51,40.1,665,1,36.2
Aqueduct,Race 7,75000,2019-11-27,6 Furlongs,Outer Turf,1,4,2,Aye Aye Sir,5.42,332,7.0,41.7,1.5,17.28,41.7,996,0,39.3
Aqueduct,Race 7,75000,2019-11-27,6 Furlongs,Outer Turf,2,4,6,Mission Wrapitup,5.42,331,1.6,41.6,0.25,17.48,41.6,996,0,38.8
Aqueduct,Race 7,75000,2019-11-27,6 Furlongs,Outer Turf,3,4,7,Turned Aside,5.51,333,10.7,41.2,1.75,17.51,41.2,997,1,38.8
Aqueduct,Race 7,75000,2019-11-27,6 Furlongs,Outer Turf,4,4,1,Turbo Drive,5.39,331,3.3,41.9,0.25,17.73,41.9,995,-1,38.2
Aqueduct,Race 7,75000,2019-11-27,6 Furlongs,Outer Turf,5,4,3,Mo Ready,5.45,332,9.4,41.5,0.25,17.79,41.5,996,0,38.2
Aqueduct,Race 7,75000,2019-11-27,6 Furlongs,Outer Turf,6,4,9,Maxwell Esquire,5.51,331,15.4,41.0,2,17.79,41.0,997,1,38.2
Aqueduct,Race 7,75000,2019-11-27,6 Furlongs,Outer Turf,7,4,8,Big Package,5.54,331,13.4,40.8,0.25,18.06,40.8,997,1,37.6
Aqueduct,Race 7,75000,2019-11-27,6 Furlongs,Outer Turf,8,4,4,Dubai Bobby,5.56,331,7.1,40.5,0,18.06,40.5,996,0,37.6
Aqueduct,Race 7,75000,2019-11-27,6 Furlongs,Outer Turf,1,5,2,Aye Aye Sir,5.65,331,2.2,39.9,1,22.94,41.7,1327,0,39.4
Aqueduct,Race 7,75000,2019-11-27,6 Furlongs,Outer Turf,2,5,7,Turned Aside,5.56,332,9.4,40.7,0.25,23.08,41.2,1329,2,39.2
Aqueduct,Race 7,75000,2019-11-27,6 Furlongs,Outer Turf,3,5,6,Mission Wrapitup,5.62,332,1.6,40.2,1.25,23.10,41.6,1328,1,39.2
Aqueduct,Race 7,75000,2019-11-27,6 Furlongs,Outer Turf,4,5,3,Mo Ready,5.51,332,7.9,41.0,0.25,23.30,41.5,1328,1,38.8
Aqueduct,Race 7,75000,2019-11-27,6 Furlongs,Outer Turf,5,5,9,Maxwell Esquire,5.51,331,12.8,40.9,0.25,23.30,41.0,1328,1,38.8
Aqueduct,Race 7,75000,2019-11-27,6 Furlongs,Outer Turf,6,5,1,Turbo Drive,5.59,333,1.6,40.6,1.75,23.33,41.9,1328,1,38.8
Aqueduct,Race 7,75000,2019-11-27,6 Furlongs,Outer Turf,7,5,8,Big Package,5.51,332,11.2,41.1,0.5,23.57,41.1,1329,2,38.4
Aqueduct,Race 7,75000,2019-11-27,6 Furlongs,Outer Turf,8,5,4,Dubai Bobby,5.56,333,4.3,40.8,0,23.63,40.8,1329,2,38.3
Aqueduct,Race 7,75000,2019-11-27,6 Furlongs,Outer Turf,1,6,2,Aye Aye Sir,5.68,334,1.6,40.0,0.75,28.62,41.7,1661,0,39.6
Aqueduct,Race 7,75000,2019-11-27,6 Furlongs,Outer Turf,2,6,7,Turned Aside,5.65,335,1.6,40.3,0.75,28.74,41.2,1663,2,39.5
Aqueduct,Race 7,75000,2019-11-27,6 Furlongs,Outer Turf,3,6,6,Mission Wrapitup,5.77,333,1.6,39.4,0.5,28.88,41.6,1661,0,39.2
Aqueduct,Race 7,75000,2019-11-27,6 Furlongs,Outer Turf,4,6,3,Mo Ready,5.65,334,1.6,40.3,0.25,28.96,41.5,1662,1,39.1
Aqueduct,Race 7,75000,2019-11-27,6 Furlongs,Outer Turf,5,6,9,Maxwell Esquire,5.68,338,9.0,40.5,1,28.99,41.0,1665,4,39.2
Aqueduct,Race 7,75000,2019-11-27,6 Furlongs,Outer Turf,6,6,1,Turbo Drive,5.77,331,1.6,39.1,1.25,29.10,41.9,1659,-2,38.9
Aqueduct,Race 7,75000,2019-11-27,6 Furlongs,Outer Turf,7,6,8,Big Package,5.74,335,2.8,39.7,1,29.31,41.1,1664,3,38.7
Aqueduct,Race 7,75000,2019-11-27,6 Furlongs,Outer Turf,8,6,4,Dubai Bobby,5.82,333,1.6,38.9,0,29.46,40.8,1662,1,38.5
Aqueduct,Race 7,75000,2019-11-27,6 Furlongs,Outer Turf,1,7,2,Aye Aye Sir,5.80,330,2.5,38.8,1.25,34.42,41.7,1991,0,39.4
Aqueduct,Race 7,75000,2019-11-27,6 Furlongs,Outer Turf,2,7,7,Turned Aside,5.85,334,5.1,38.9,1,34.60,41.2,1997,6,39.4
Aqueduct,Race 7,75000,2019-11-27,6 Furlongs,Outer Turf,3,7,6,Mission Wrapitup,5.88,330,4.2,38.3,0.25,34.76,41.6,1992,1,39.1
Aqueduct,Race 7,75000,2019-11-27,6 Furlongs,Outer Turf,4,7,9,Maxwell Esquire,5.82,340,11.4,39.7,0.5,34.82,41.0,2005,14,39.3
Aqueduct,Race 7,75000,2019-11-27,6 Furlongs,Outer Turf,5,7,3,Mo Ready,5.97,336,6.4,38.4,1.5,34.93,41.5,1998,7,39.0
Aqueduct,Race 7,75000,2019-11-27,6 Furlongs,Outer Turf,6,7,1,Turbo Drive,6.03,332,3.5,37.5,1.25,35.13,41.9,1992,1,38.6
Aqueduct,Race 7,75000,2019-11-27,6 Furlongs,Outer Turf,7,7,8,Big Package,6.00,336,8.7,38.2,1.75,35.31,41.1,2000,9,38.6
Aqueduct,Race 7,75000,2019-11-27,6 Furlongs,Outer Turf,8,7,4,Dubai Bobby,6.14,334,9.4,37.1,0,35.61,40.8,1996,5,38.2
Aqueduct,Race 7,75000,2019-11-27,6 Furlongs,Outer Turf,1,8,2,Aye Aye Sir,5.85,335,5.4,39.0,1.25,40.28,41.7,2326,0,39.4
Aqueduct,Race 7,75000,2019-11-27,6 Furlongs,Outer Turf,2,8,7,Turned Aside,5.85,337,8.3,39.3,1.5,40.45,41.2,2335,9,39.3
Aqueduct,Race 7,75000,2019-11-27,6 Furlongs,Outer Turf,3,8,6,Mission Wrapitup,5.94,336,4.6,38.5,0.25,40.71,41.6,2327,1,39.0
Aqueduct,Race 7,75000,2019-11-27,6 Furlongs,Outer Turf,4,8,9,Maxwell Esquire,5.91,342,12.6,39.4,1.25,40.73,41.0,2347,21,39.3
Aqueduct,Race 7,75000,2019-11-27,6 Furlongs,Outer Turf,5,8,3,Mo Ready,6.03,337,7.7,38.1,1.5,40.96,41.5,2335,9,38.9
Aqueduct,Race 7,75000,2019-11-27,6 Furlongs,Outer Turf,6,8,8,Big Package,5.85,339,12.6,39.5,0.25,41.17,41.1,2339,13,38.7
Aqueduct,Race 7,75000,2019-11-27,6 Furlongs,Outer Turf,7,8,1,Turbo Drive,6.08,335,7.0,37.5,3,41.22,41.9,2327,1,38.5
Aqueduct,Race 7,75000,2019-11-27,6 Furlongs,Outer Turf,8,8,4,Dubai Bobby,6.06,339,13.6,38.1,0,41.67,40.8,2335,9,38.2
Aqueduct,Race 7,75000,2019-11-27,6 Furlongs,Outer Turf,1,9,2,Aye Aye Sir,6.03,335,1.6,37.9,1,46.31,41.7,2661,0,39.2
Aqueduct,Race 7,75000,2019-11-27,6 Furlongs,Outer Turf,2,9,7,Turned Aside,5.97,337,1.6,38.5,1.5,46.43,41.2,2672,11,39.2
Aqueduct,Race 7,75000,2019-11-27,6 Furlongs,Outer Turf,3,9,9,Maxwell Esquire,5.94,342,5.2,39.2,1,46.68,41.0,2688,27,39.3
Aqueduct,Race 7,75000,2019-11-27,6 Furlongs,Outer Turf,4,9,6,Mission Wrapitup,6.08,335,1.6,37.5,1,46.80,41.6,2662,1,38.8
Aqueduct,Race 7,75000,2019-11-27,6 Furlongs,Outer Turf,5,9,3,Mo Ready,6.00,336,2.3,38.2,1,46.97,41.5,2671,10,38.8
Aqueduct,Race 7,75000,2019-11-27,6 Furlongs,Outer Turf,6,9,8,Big Package,5.97,341,6.4,39.0,1,47.14,41.1,2680,19,38.8
Aqueduct,Race 7,75000,2019-11-27,6 Furlongs,Outer Turf,7,9,1,Turbo Drive,6.08,336,1.6,37.6,3,47.31,41.9,2663,2,38.4
Aqueduct,Race 7,75000,2019-11-27,6 Furlongs,Outer Turf,8,9,4,Dubai Bobby,6.11,343,7.1,38.2,0,47.79,40.8,2678,17,38.2
Aqueduct,Race 7,75000,2019-11-27,6 Furlongs,Outer Turf,1,10,2,Aye Aye Sir,5.97,330,6.1,37.7,0.5,52.29,41.7,2991,0,39.0
Aqueduct,Race 7,75000,2019-11-27,6 Furlongs,Outer Turf,2,10,7,Turned Aside,5.91,332,12.6,38.3,1.25,52.34,41.2,3004,13,39.1
Aqueduct,Race 7,75000,2019-11-27,6 Furlongs,Outer Turf,3,10,9,Maxwell Esquire,5.88,333,16.8,38.6,2,52.56,41.0,3021,30,39.2
Aqueduct,Race 7,75000,2019-11-27,6 Furlongs,Outer Turf,4,10,3,Mo Ready,5.91,333,14.4,38.4,0.1,52.88,41.5,3004,13,38.7
Aqueduct,Race 7,75000,2019-11-27,6 Furlongs,Outer Turf,5,10,6,Mission Wrapitup,6.08,332,5.8,37.1,1,52.89,41.6,2994,3,38.6
Aqueduct,Race 7,75000,2019-11-27,6 Furlongs,Outer Turf,6,10,8,Big Package,5.88,335,19.7,38.7,1.75,53.03,41.1,3015,24,38.8
Aqueduct,Race 7,75000,2019-11-27,6 Furlongs,Outer Turf,7,10,1,Turbo Drive,6.00,331,18.1,37.6,3,53.32,41.9,2994,3,38.3
Aqueduct,Race 7,75000,2019-11-27,6 Furlongs,Outer Turf,8,10,4,Dubai Bobby,6.00,334,20.7,37.9,0,53.79,40.8,3012,21,38.2
Aqueduct,Race 7,75000,2019-11-27,6 Furlongs,Outer Turf,1,11,7,Turned Aside,5.91,332,12.3,38.3,0.75,58.26,41.2,3336,0,39.0
Aqueduct,Race 7,75000,2019-11-27,6 Furlongs,Outer Turf,2,11,2,Aye Aye Sir,6.11,332,8.6,37.0,0.75,58.40,41.7,3323,-13,38.8
Aqueduct,Race 7,75000,2019-11-27,6 Furlongs,Outer Turf,3,11,9,Maxwell Esquire,5.97,332,15.5,37.9,2,58.54,41.0,3353,17,39.1
Aqueduct,Race 7,75000,2019-11-27,6 Furlongs,Outer Turf,4,11,3,Mo Ready,6.00,333,19.7,37.8,1.5,58.88,41.5,3337,1,38.6
Aqueduct,Race 7,75000,2019-11-27,6 Furlongs,Outer Turf,5,11,8,Big Package,6.06,332,24.1,37.3,1,59.09,41.1,3346,10,38.6
Aqueduct,Race 7,75000,2019-11-27,6 Furlongs,Outer Turf,6,11,6,Mission Wrapitup,6.40,332,8.9,35.3,0.5,59.29,41.6,3326,-10,38.2
Aqueduct,Race 7,75000,2019-11-27,6 Furlongs,Outer Turf,7,11,1,Turbo Drive,6.06,332,21.8,37.4,3,59.38,41.9,3327,-9,38.2
Aqueduct,Race 7,75000,2019-11-27,6 Furlongs,Outer Turf,8,11,4,Dubai Bobby,6.08,333,22.7,37.3,0,59.88,40.8,3345,9,38.1
Aqueduct,Race 7,75000,2019-11-27,6 Furlongs,Outer Turf,1,12,7,Turned Aside,6.08,333,10.2,37.3,2.25,1:04.35,41.2,3669,0,38.9
Aqueduct,Race 7,75000,2019-11-27,6 Furlongs,Outer Turf,2,12,9,Maxwell Esquire,6.17,333,14.5,36.7,1,1:04.71,41.0,3686,17,38.8
Aqueduct,Race 7,75000,2019-11-27,6 Furlongs,Outer Turf,3,12,2,Aye Aye Sir,6.49,333,4.9,34.9,0.5,1:04.90,41.7,3655,-14,38.4
Aqueduct,Race 7,75000,2019-11-27,6 Furlongs,Outer Turf,4,12,3,Mo Ready,6.11,332,20.9,37.0,1.5,1:05.00,41.5,3669,0,38.5
Aqueduct,Race 7,75000,2019-11-27,6 Furlongs,Outer Turf,5,12,8,Big Package,6.14,332,30.0,36.8,2,1:05.24,41.1,3679,10,38.4
Aqueduct,Race 7,75000,2019-11-27,6 Furlongs,Outer Turf,6,12,1,Turbo Drive,6.20,333,23.1,36.6,3.25,1:05.58,41.9,3659,-10,38.0
Aqueduct,Race 7,75000,2019-11-27,6 Furlongs,Outer Turf,7,12,4,Dubai Bobby,6.29,332,18.7,36.0,0.25,1:06.17,40.8,3677,8,37.9
Aqueduct,Race 7,75000,2019-11-27,6 Furlongs,Outer Turf,8,12,6,Mission Wrapitup,6.89,333,7.1,32.9,0,1:06.19,41.6,3659,-10,37.7
Aqueduct,Race 7,75000,2019-11-27,6 Furlongs,Outer Turf,1,13,7,Turned Aside,6.29,331,8.2,35.9,3,1:10.64,41.2,4000,0,38.6
Aqueduct,Race 7,75000,2019-11-27,6 Furlongs,Outer Turf,2,13,9,Maxwell Esquire,6.46,332,11.1,35.1,1.25,1:11.18,41.0,4018,18,38.5
Aqueduct,Race 7,75000,2019-11-27,6 Furlongs,Outer Turf,3,13,3,Mo Ready,6.43,333,13.6,35.2,0.5,1:11.44,41.5,4002,2,38.2
Aqueduct,Race 7,75000,2019-11-27,6 Furlongs,Outer Turf,4,13,8,Big Package,6.29,333,16.7,36.1,2,1:11.53,41.1,4011,11,38.2
Aqueduct,Race 7,75000,2019-11-27,6 Furlongs,Outer Turf,5,13,2,Aye Aye Sir,7.04,333,4.3,32.3,1,1:11.94,41.7,3989,-11,37.8
Aqueduct,Race 7,75000,2019-11-27,6 Furlongs,Outer Turf,6,13,1,Turbo Drive,6.55,333,11.3,34.6,4,1:12.13,41.9,3992,-8,37.7
Aqueduct,Race 7,75000,2019-11-27,6 Furlongs,Outer Turf,7,13,4,Dubai Bobby,6.66,331,14.1,33.9,4.5,1:12.84,40.8,4008,8,37.5
Aqueduct,Race 7,75000,2019-11-27,6 Furlongs,Outer Turf,8,13,6,Mission Wrapitup,7.64,332,13.4,29.6,0,1:13.84,41.6,3991,-9,36.9
Aqueduct,Race 8,75000,2019-11-27,8 Furlongs,Dirt,1,2,2,Distorted News,6.46,331,18.8,34.9,1,6.46,34.9,331,0,34.9
Aqueduct,Race 8,75000,2019-11-27,8 Furlongs,Dirt,2,2,4,Flashndynamite,6.66,333,24.3,34.0,0.5,6.66,34.0,333,2,34.0
Aqueduct,Race 8,75000,2019-11-27,8 Furlongs,Dirt,3,2,5,Foolish Living,6.73,333,36.7,33.7,0.5,6.73,33.7,333,2,33.7
Aqueduct,Race 8,75000,2019-11-27,8 Furlongs,Dirt,4,2,3,Mrs. Orb,6.81,332,16.4,33.2,0,6.81,33.2,332,1,33.2
Aqueduct,Race 8,75000,2019-11-27,8 Furlongs,Dirt,1,3,2,Distorted News,5.88,333,15.7,38.6,0.25,12.35,38.6,664,0,36.6
Aqueduct,Race 8,75000,2019-11-27,8 Furlongs,Dirt,2,3,4,Flashndynamite,5.74,331,23.4,39.4,0.75,12.40,39.4,664,0,36.5
Aqueduct,Race 8,75000,2019-11-27,8 Furlongs,Dirt,3,3,5,Foolish Living,5.80,332,27.1,39.0,0.75,12.53,39.0,665,1,36.2
Aqueduct,Race 8,75000,2019-11-27,8 Furlongs,Dirt,4,3,3,Mrs. Orb,5.82,333,20.4,38.9,0,12.63,38.9,664,0,35.8
Aqueduct,Race 8,75000,2019-11-27,8 Furlongs,Dirt,1,4,2,Distorted News,5.65,332,14.6,40.0,0.75,18.01,40.0,996,0,37.7
Aqueduct,Race 8,75000,2019-11-27,8 Furlongs,Dirt,2,4,4,Flashndynamite,5.74,332,19.1,39.4,1.25,18.15,39.4,996,0,37.4
Aqueduct,Race 8,75000,2019-11-27,8 Furlongs,Dirt,3,4,5,Foolish Living,5.77,331,22.8,39.1,0.75,18.30,39.1,996,0,37.1
Aqueduct,Race 8,75000,2019-11-27,8 Furlongs,Dirt,4,4,3,Mrs. Orb,5.80,332,16.4,39.0,0,18.44,39.0,996,0,36.8
Aqueduct,Race 8,75000,2019-11-27,8 Furlongs,Dirt,1,5,2,Distorted News,5.82,332,5.6,38.8,0.5,23.84,40.0,1328,0,38.0
Aqueduct,Race 8,75000,2019-11-27,8 Furlongs,Dirt,2,5,4,Flashndynamite,5.80,333,14.2,39.1,0.75,23.95,39.4,1329,1,37.8
Aqueduct,Race 8,75000,2019-11-27,8 Furlongs,Dirt,3,5,5,Foolish Living,5.74,332,19.9,39.5,1,24.04,39.5,1329,1,37.7
Aqueduct,Race 8,75000,2019-11-27,8 Furlongs,Dirt,4,5,3,Mrs. Orb,5.77,332,10.4,39.2,0,24.21,39.2,1328,0,37.4
Aqueduct,Race 8,75000,2019-11-27,8 Furlongs,Dirt,1,6,2,Distorted News,5.91,332,5.5,38.3,0.25,29.75,40.0,1660,0,38.0
Aqueduct,Race 8,75000,2019-11-27,8 Furlongs,Dirt,2,6,4,Flashndynamite,5.82,331,12.4,38.7,0.75,29.78,39.4,1660,0,38.0
Aqueduct,Race 8,75000,2019-11-27,8 Furlongs,Dirt,3,6,5,Foolish Living,5.85,332,16.5,38.6,1.25,29.90,39.5,1661,1,37.9
Aqueduct,Race 8,75000,2019-11-27,8 Furlongs,Dirt,4,6,3,Mrs. Orb,5.88,331,9.9,38.4,0,30.09,39.2,1660,0,37.6
Aqueduct,Race 8,75000,2019-11-27,8 Furlongs,Dirt,1,7,2,Distorted News,5.82,332,6.6,38.8,0.75,35.58,40.0,1992,0,38.2
Aqueduct,Race 8,75000,2019-11-27,8 Furlongs,Dirt,2,7,4,Flashndynamite,5.91,332,11.3,38.2,0.75,35.69,39.4,1991,-1,38.0
Aqueduct,Race 8,75000,2019-11-27,8 Furlongs,Dirt,3,7,5,Foolish Living,5.94,332,17.3,38.1,1,35.85,39.5,1993,1,37.9
Aqueduct,Race 8,75000,2019-11-27,8 Furlongs,Dirt,4,7,3,Mrs. Orb,5.91,333,10.1,38.4,0,36.01,39.2,1992,0,37.7
Aqueduct,Race 8,75000,2019-11-27,8 Furlongs,Dirt,1,8,2,Distorted News,5.97,332,4.1,37.9,0.5,41.56,40.0,2324,0,38.1
Aqueduct,Race 8,75000,2019-11-27,8 Furlongs,Dirt,2,8,4,Flashndynamite,5.97,333,9.6,38.0,1,41.67,39.4,2324,0,38.0
Aqueduct,Race 8,75000,2019-11-27,8 Furlongs,Dirt,3,8,5,Foolish Living,5.94,331,13.0,38.0,0.75,41.79,39.5,2324,0,37.9
Aqueduct,Race 8,75000,2019-11-27,8 Furlongs,Dirt,4,8,3,Mrs. Orb,5.94,332,6.6,38.1,0,41.96,39.2,2325,1,37.8
Aqueduct,Race 8,75000,2019-11-27,8 Furlongs,Dirt,1,9,2,Distorted News,6.08,333,1.6,37.2,0.25,47.65,40.0,2656,0,38.0
Aqueduct,Race 8,75000,2019-11-27,8 Furlongs,Dirt,2,9,4,Flashndynamite,6.03,331,6.0,37.5,0.5,47.70,39.4,2656,0,38.0
Aqueduct,Race 8,75000,2019-11-27,8 Furlongs,Dirt,3,9,5,Foolish Living,6.00,333,10.6,37.8,1.25,47.79,39.5,2657,1,37.9
Aqueduct,Race 8,75000,2019-11-27,8 Furlongs,Dirt,4,9,3,Mrs. Orb,6.03,331,3.5,37.5,0,47.99,39.2,2656,0,37.7
Aqueduct,Race 8,75000,2019-11-27,8 Furlongs,Dirt,1,10,2,Distorted News,6.08,333,4.3,37.3,0.5,53.73,40.0,2990,0,37.9
Aqueduct,Race 8,75000,2019-11-27,8 Furlongs,Dirt,2,10,4,Flashndynamite,6.11,338,9.2,37.7,0.5,53.81,39.4,2994,4,37.9
Aqueduct,Race 8,75000,2019-11-27,8 Furlongs,Dirt,3,10,5,Foolish Living,6.08,339,11.5,38.0,1,53.88,39.5,2996,6,37.9
Aqueduct,Race 8,75000,2019-11-27,8 Furlongs,Dirt,4,10,3,Mrs. Orb,6.08,335,6.9,37.6,0,54.08,39.2,2992,2,37.7
Aqueduct,Race 8,75000,2019-11-27,8 Furlongs,Dirt,1,11,2,Distorted News,6.20,335,7.3,36.8,0.25,59.94,40.0,3325,0,37.8
Aqueduct,Race 8,75000,2019-11-27,8 Furlongs,Dirt,2,11,4,Flashndynamite,6.17,338,11.4,37.4,0.25,59.99,39.4,3332,7,37.9
Aqueduct,Race 8,75000,2019-11-27,8 Furlongs,Dirt,3,11,5,Foolish Living,6.14,341,16.1,37.8,1.25,1:00.03,39.5,3337,12,37.9
Aqueduct,Race 8,75000,2019-11-27,8 Furlongs,Dirt,4,11,3,Mrs. Orb,6.14,336,9.4,37.3,0,1:00.22,39.2,3328,3,37.7
Aqueduct,Race 8,75000,2019-11-27,8 Furlongs,Dirt,1,12,2,Distorted News,6.17,338,8.3,37.3,0.25,1:06.11,40.0,3663,0,37.8
Aqueduct,Race 8,75000,2019-11-27,8 Furlongs,Dirt,2,12,4,Flashndynamite,6.14,340,14.8,37.8,0.25,1:06.14,39.4,3673,10,37.9
Aqueduct,Race 8,75000,2019-11-27,8 Furlongs,Dirt,3,12,5,Foolish Living,6.11,343,19.3,38.2,1.25,1:06.15,39.5,3680,17,37.9
Aqueduct,Race 8,75000,2019-11-27,8 Furlongs,Dirt,4,12,3,Mrs. Orb,6.14,339,10.9,37.6,0,1:06.37,39.2,3667,4,37.7
Aqueduct,Race 8,75000,2019-11-27,8 Furlongs,Dirt,1,13,4,Flashndynamite,6.29,340,7.3,36.9,0.25,1:12.43,39.4,4013,0,37.8
Aqueduct,Race 8,75000,2019-11-27,8 Furlongs,Dirt,2,13,2,Distorted News,6.34,337,1.9,36.2,0.25,1:12.46,40.0,4000,-13,37.6
Aqueduct,Race 8,75000,2019-11-27,8 Furlongs,Dirt,3,13,5,Foolish Living,6.31,344,12.9,37.2,1.5,1:12.47,39.5,4024,11,37.9
Aqueduct,Race 8,75000,2019-11-27,8 Furlongs,Dirt,4,13,3,Mrs. Orb,6.34,339,5.8,36.4,0,1:12.72,39.2,4006,-7,37.6
Aqueduct,Race 8,75000,2019-11-27,8 Furlongs,Dirt,1,14,4,Flashndynamite,6.43,335,19.8,35.5,0.1,1:18.86,39.4,4348,0,37.6
Aqueduct,Race 8,75000,2019-11-27,8 Furlongs,Dirt,2,14,5,Foolish Living,6.40,338,24.6,36.0,1,1:18.88,39.5,4362,14,37.7
Aqueduct,Race 8,75000,2019-11-27,8 Furlongs,Dirt,3,14,2,Distorted News,6.57,333,10.8,34.5,0.25,1:19.04,40.0,4333,-15,37.4
Aqueduct,Race 8,75000,2019-11-27,8 Furlongs,Dirt,4,14,3,Mrs. Orb,6.37,334,22.0,35.8,0,1:19.10,39.2,4341,-7,37.4
Aqueduct,Race 8,75000,2019-11-27,8 Furlongs,Dirt,1,15,5,Foolish Living,6.37,332,20.7,35.5,0.5,1:25.25,39.5,4694,0,37.5
Aqueduct,Race 8,75000,2019-11-27,8 Furlongs,Dirt,2,15,3,Mrs. Orb,6.23,332,27.1,36.4,0.75,1:25.33,39.2,4673,-21,37.3
Aqueduct,Race 8,75000,2019-11-27,8 Furlongs,Dirt,3,15,4,Flashndynamite,6.63,333,15.9,34.3,2.75,1:25.50,39.4,4682,-12,37.3
Aqueduct,Race 8,75000,2019-11-27,8 Furlongs,Dirt,4,15,2,Distorted News,6.95,333,13.9,32.6,0,1:26.00,40.0,4666,-28,37.0
Aqueduct,Race 8,75000,2019-11-27,8 Furlongs,Dirt,1,16,3,Mrs. Orb,6.46,332,22.7,35.1,0.5,1:31.79,39.2,5005,0,37.2
Aqueduct,Race 8,75000,2019-11-27,8 Furlongs,Dirt,2,16,5,Foolish Living,6.63,332,16.4,34.1,2.75,1:31.89,39.5,5026,21,37.3
Aqueduct,Race 8,75000,2019-11-27,8 Furlongs,Dirt,3,16,4,Flashndynamite,6.92,332,12.1,32.7,5.25,1:32.43,39.4,5014,9,37.0
Aqueduct,Race 8,75000,2019-11-27,8 Furlongs,Dirt,4,16,2,Distorted News,7.50,333,13.8,30.3,0,1:33.50,40.0,4999,-6,36.5
Aqueduct,Race 8,75000,2019-11-27,8 Furlongs,Dirt,1,17,3,Mrs. Orb,6.83,333,19.6,33.2,0.5,1:38.63,39.2,5339,0,36.9
Aqueduct,Race 8,75000,2019-11-27,8 Furlongs,Dirt,2,17,5,Foolish Living,6.86,333,15.4,33.1,4.25,1:38.76,39.5,5359,20,37.0
Aqueduct,Race 8,75000,2019-11-27,8 Furlongs,Dirt,3,17,4,Flashndynamite,7.18,332,7.5,31.5,9,1:39.61,39.4,5346,7,36.6
Aqueduct,Race 8,75000,2019-11-27,8 Furlongs,Dirt,4,17,2,Distorted News,8.10,332,10.5,27.9,0,1:41.61,40.0,5331,-8,35.8
Aqueduct,Race 9,41000,2019-11-27,6 Furlongs,Dirt,1,2,9,Ink Splotz,6.26,333,24.9,36.3,0.75,6.26,36.3,333,0,36.3
Aqueduct,Race 9,41000,2019-11-27,6 Furlongs,Dirt,2,2,3,Duncastle,6.36,331,13.6,35.4,0.1,6.36,35.4,331,-2,35.4
Aqueduct,Race 9,41000,2019-11-27,6 Furlongs,Dirt,3,2,10,Lawn Boy (GB),6.37,333,33.8,35.6,0.25,6.37,35.6,333,0,35.6
Aqueduct,Race 9,41000,2019-11-27,6 Furlongs,Dirt,4,2,6,Red Mule,6.39,331,23.5,35.3,0.25,6.39,35.3,331,-2,35.3
Aqueduct,Race 9,41000,2019-11-27,6 Furlongs,Dirt,5,2,4,Blacktop Legend,6.45,333,15.1,35.2,1,6.45,35.2,333,0,35.2
Aqueduct,Race 9,41000,2019-11-27,6 Furlongs,Dirt,6,2,7,Paul Cane,6.57,331,25.7,34.3,0.25,6.57,34.3,331,-2,34.3
Aqueduct,Race 9,41000,2019-11-27,6 Furlongs,Dirt,7,2,2,Cavaradossi,6.65,333,13.5,34.1,0.25,6.65,34.1,333,0,34.1
Aqueduct,Race 9,41000,2019-11-27,6 Furlongs,Dirt,8,2,1,Camouflaged Kisser,6.69,332,7.6,33.8,5.5,6.69,33.8,332,-1,33.8
Aqueduct,Race 9,41000,2019-11-27,6 Furlongs,Dirt,9,2,8,Splitting Eights,7.49,333,22.9,30.3,0,7.49,30.3,333,0,30.3
Aqueduct,Race 9,41000,2019-11-27,6 Furlongs,Dirt,1,3,9,Ink Splotz,5.22,331,13.3,43.2,2.25,11.48,43.2,664,0,39.4
Aqueduct,Race 9,41000,2019-11-27,6 Furlongs,Dirt,2,3,10,Lawn Boy (GB),5.39,332,19.5,42.0,0.25,11.77,42.0,665,1,38.5
Aqueduct,Race 9,41000,2019-11-27,6 Furlongs,Dirt,3,3,3,Duncastle,5.42,332,9.6,41.7,0.25,11.79,41.7,663,-1,38.3
Aqueduct,Race 9,41000,2019-11-27,6 Furlongs,Dirt,4,3,4,Blacktop Legend,5.36,331,12.1,42.1,0.25,11.82,42.1,664,0,38.3
Aqueduct,Race 9,41000,2019-11-27,6 Furlongs,Dirt,5,3,6,Red Mule,5.48,332,16.2,41.3,1.75,11.88,41.3,663,-1,38.0
Aqueduct,Race 9,41000,2019-11-27,6 Furlongs,Dirt,6,3,7,Paul Cane,5.56,332,23.2,40.7,0.1,12.14,40.7,663,-1,37.2
Aqueduct,Race 9,41000,2019-11-27,6 Furlongs,Dirt,7,3,2,Cavaradossi,5.51,332,13.3,41.0,0.5,12.17,41.0,665,1,37.2
Aqueduct,Race 9,41000,2019-11-27,6 Furlongs,Dirt,8,3,1,Camouflaged Kisser,5.51,331,7.0,40.9,5.5,12.20,40.9,663,-1,37.0
Aqueduct,Race 9,41000,2019-11-27,6 Furlongs,Dirt,9,3,8,Splitting Eights,5.48,332,28.1,41.3,0,12.97,41.3,664,0,34.9
Aqueduct,Race 9,41000,2019-11-27,6 Furlongs,Dirt,1,4,9,Ink Splotz,5.25,333,5.0,43.2,2,16.73,43.2,997,0,40.6
Aqueduct,Race 9,41000,2019-11-27,6 Furlongs,Dirt,2,4,10,Lawn Boy (GB),5.22,331,12.5,43.3,0.25,16.99,43.3,996,-1,40.0
Aqueduct,Race 9,41000,2019-11-27,6 Furlongs,Dirt,3,4,3,Duncastle,5.25,332,3.8,43.1,0.75,17.04,43.1,995,-2,39.8
Aqueduct,Race 9,41000,2019-11-27,6 Furlongs,Dirt,4,4,4,Blacktop Legend,5.33,333,6.2,42.5,0.75,17.16,42.5,997,0,39.6
Aqueduct,Race 9,41000,2019-11-27,6 Furlongs,Dirt,5,4,6,Red Mule,5.39,333,14.9,42.1,1.75,17.27,42.1,996,-1,39.3
Aqueduct,Race 9,41000,2019-11-27,6 Furlongs,Dirt,6,4,2,Cavaradossi,5.33,331,4.8,42.3,0.75,17.51,42.3,996,-1,38.8
Aqueduct,Race 9,41000,2019-11-27,6 Furlongs,Dirt,7,4,1,Camouflaged Kisser,5.39,332,4.8,42.0,0.1,17.59,42.0,995,-2,38.6
Aqueduct,Race 9,41000,2019-11-27,6 Furlongs,Dirt,8,4,7,Paul Cane,5.48,333,15.7,41.4,4.75,17.62,41.4,996,-1,38.5
Aqueduct,Race 9,41000,2019-11-27,6 Furlongs,Dirt,9,4,8,Splitting Eights,5.30,333,24.7,42.7,0,18.28,42.7,997,0,37.2
Aqueduct,Race 9,41000,2019-11-27,6 Furlongs,Dirt,1,5,9,Ink Splotz,5.25,331,1.9,43.0,2.5,21.98,43.2,1328,0,41.2
Aqueduct,Race 9,41000,2019-11-27,6 Furlongs,Dirt,2,5,10,Lawn Boy (GB),5.36,332,12.0,42.2,0.25,22.36,43.3,1329,1,40.5
Aqueduct,Race 9,41000,2019-11-27,6 Furlongs,Dirt,3,5,3,Duncastle,5.33,332,5.2,42.4,1.25,22.38,43.1,1327,-1,40.4
Aqueduct,Race 9,41000,2019-11-27,6 Furlongs,Dirt,4,5,4,Blacktop Legend,5.39,332,5.3,41.9,0.75,22.55,42.5,1329,1,40.2
Aqueduct,Race 9,41000,2019-11-27,6 Furlongs,Dirt,5,5,6,Red Mule,5.39,331,12.9,41.8,2.5,22.67,42.1,1327,-1,39.9
Aqueduct,Race 9,41000,2019-11-27,6 Furlongs,Dirt,6,5,2,Cavaradossi,5.54,333,8.7,41.0,1,23.05,42.3,1329,1,39.3
Aqueduct,Race 9,41000,2019-11-27,6 Furlongs,Dirt,7,5,1,Camouflaged Kisser,5.59,333,5.3,40.6,0.25,23.19,42.0,1328,0,39.0
Aqueduct,Race 9,41000,2019-11-27,6 Furlongs,Dirt,8,5,7,Paul Cane,5.62,332,12.9,40.3,2.75,23.25,41.4,1328,0,38.9
Aqueduct,Race 9,41000,2019-11-27,6 Furlongs,Dirt,9,5,8,Splitting Eights,5.36,332,20.3,42.2,0,23.65,42.7,1329,1,38.3
Aqueduct,Race 9,41000,2019-11-27,6 Furlongs,Dirt,1,6,9,Ink Splotz,5.51,335,5.8,41.4,3.5,27.50,43.2,1663,0,41.2
Aqueduct,Race 9,41000,2019-11-27,6 Furlongs,Dirt,2,6,3,Duncastle,5.62,336,5.7,40.7,0.25,28.00,43.1,1663,0,40.5
Aqueduct,Race 9,41000,2019-11-27,6 Furlongs,Dirt,3,6,10,Lawn Boy (GB),5.68,340,12.3,40.7,0.75,28.05,43.3,1668,5,40.6
Aqueduct,Race 9,41000,2019-11-27,6 Furlongs,Dirt,4,6,4,Blacktop Legend,5.62,337,10.3,40.8,1.5,28.18,42.5,1665,2,40.3
Aqueduct,Race 9,41000,2019-11-27,6 Furlongs,Dirt,5,6,6,Red Mule,5.74,341,14.9,40.5,2.75,28.41,42.1,1668,5,40.0
Aqueduct,Race 9,41000,2019-11-27,6 Furlongs,Dirt,6,6,2,Cavaradossi,5.80,338,10.1,39.8,0.75,28.85,42.3,1667,4,39.4
Aqueduct,Race 9,41000,2019-11-27,6 Furlongs,Dirt,7,6,1,Camouflaged Kisser,5.74,335,5.5,39.8,1.75,28.94,42.0,1663,0,39.2
Aqueduct,Race 9,41000,2019-11-27,6 Furlongs,Dirt,8,6,7,Paul Cane,5.97,341,12.2,39.0,2,29.22,41.4,1669,6,38.9
Aqueduct,Race 9,41000,2019-11-27,6 Furlongs,Dirt,9,6,8,Splitting Eights,5.88,345,19.1,40.0,0,29.54,42.7,1674,11,38.6
Aqueduct,Race 9,41000,2019-11-27,6 Furlongs,Dirt,1,7,9,Ink Splotz,5.77,335,7.2,39.5,3.75,33.27,43.2,1998,0,40.9
Aqueduct,Race 9,41000,2019-11-27,6 Furlongs,Dirt,2,7,10,Lawn Boy (GB),5.82,341,13.2,39.9,0.5,33.87,43.3,2010,12,40.4
Aqueduct,Race 9,41000,2019-11-27,6 Furlongs,Dirt,3,7,3,Duncastle,5.94,337,8.5,38.6,0.25,33.95,43.1,2000,2,40.2
Aqueduct,Race 9,41000,2019-11-27,6 Furlongs,Dirt,4,7,4,Blacktop Legend,5.77,340,15.6,40.1,3,33.95,42.5,2005,7,40.3
Aqueduct,Race 9,41000,2019-11-27,6 Furlongs,Dirt,5,7,6,Red Mule,6.00,342,16.5,38.9,2.5,34.41,42.1,2010,12,39.8
Aqueduct,Race 9,41000,2019-11-27,6 Furlongs,Dirt,6,7,2,Cavaradossi,5.94,339,11.8,38.9,1,34.79,42.3,2006,8,39.3
Aqueduct,Race 9,41000,2019-11-27,6 Furlongs,Dirt,7,7,1,Camouflaged Kisser,5.97,335,5.1,38.3,3,34.91,42.0,1998,0,39.0
Aqueduct,Race 9,41000,2019-11-27,6 Furlongs,Dirt,8,7,7,Paul Cane,6.20,340,12.0,37.4,1,35.43,41.4,2009,11,38.7
Aqueduct,Race 9,41000,2019-11-27,6 Furlongs,Dirt,9,7,8,Splitting Eights,6.08,347,18.3,38.8,0,35.63,42.7,2021,23,38.7
Aqueduct,Race 9,41000,2019-11-27,6 Furlongs,Dirt,1,8,9,Ink Splotz,5.94,337,7.3,38.7,4,39.21,43.2,2335,0,40.6
Aqueduct,Race 9,41000,2019-11-27,6 Furlongs,Dirt,2,8,4,Blacktop Legend,5.88,343,16.7,39.7,0.5,39.84,42.5,2348,13,40.2
Aqueduct,Race 9,41000,2019-11-27,6 Furlongs,Dirt,3,8,10,Lawn Boy (GB),6.03,341,11.2,38.5,1.25,39.91,43.3,2350,15,40.2
Aqueduct,Race 9,41000,2019-11-27,6 Furlongs,Dirt,4,8,3,Duncastle,6.17,337,7.1,37.2,3,40.12,43.1,2336,1,39.7
Aqueduct,Race 9,41000,2019-11-27,6 Furlongs,Dirt,5,8,6,Red Mule,6.20,344,17.4,37.9,1.5,40.62,42.1,2355,20,39.5
Aqueduct,Race 9,41000,2019-11-27,6 Furlongs,Dirt,6,8,2,Cavaradossi,6.06,339,8.9,38.2,2.25,40.85,42.3,2346,11,39.1
Aqueduct,Race 9,41000,2019-11-27,6 Furlongs,Dirt,7,8,1,Camouflaged Kisser,6.31,338,9.4,36.4,3.25,41.23,42.0,2336,1,38.6
Aqueduct,Race 9,41000,2019-11-27,6 Furlongs,Dirt,8,8,7,Paul Cane,6.34,340,13.7,36.5,0.75,41.78,41.4,2349,14,38.3
Aqueduct,Race 9,41000,2019-11-27,6 Furlongs,Dirt,9,8,8,Splitting Eights,6.31,345,21.0,37.2,0,41.95,42.7,2365,30,38.4
Aqueduct,Race 9,41000,2019-11-27,6 Furlongs,Dirt,1,9,9,Ink Splotz,6.14,337,1.6,37.4,4,45.36,43.2,2672,0,40.2
Aqueduct,Race 9,41000,2019-11-27,6 Furlongs,Dirt,2,9,4,Blacktop Legend,6.14,342,6.8,38.0,1.25,45.99,42.5,2691,19,39.9
Aqueduct,Race 9,41000,2019-11-27,6 Furlongs,Dirt,3,9,10,Lawn Boy (GB),6.31,340,4.4,36.7,2.25,46.23,43.3,2691,19,39.7
Aqueduct,Race 9,41000,2019-11-27,6 Furlongs,Dirt,4,9,3,Duncastle,6.46,337,2.3,35.5,2.25,46.59,43.1,2673,1,39.1
Aqueduct,Race 9,41000,2019-11-27,6 Furlongs,Dirt,5,9,2,Cavaradossi,6.08,337,5.1,37.8,0.5,46.94,42.3,2683,11,39.0
Aqueduct,Race 9,41000,2019-11-27,6 Furlongs,Dirt,6,9,6,Red Mule,6.43,344,12.5,36.5,4.5,47.05,42.1,2699,27,39.1
Aqueduct,Race 9,41000,2019-11-27,6 Furlongs,Dirt,7,9,1,Camouflaged Kisser,6.57,337,6.4,35.0,3,47.81,42.0,2673,1,38.1
Aqueduct,Race 9,41000,2019-11-27,6 Furlongs,Dirt,8,9,7,Paul Cane,6.55,341,5.0,35.5,0.75,48.33,41.4,2690,18,38.0
Aqueduct,Race 9,41000,2019-11-27,6 Furlongs,Dirt,9,9,8,Splitting Eights,6.52,346,14.3,36.1,0,48.47,42.7,2711,39,38.1
Aqueduct,Race 9,41000,2019-11-27,6 Furlongs,Dirt,1,10,9,Ink Splotz,6.29,333,5.3,36.1,3,51.65,43.2,3005,0,39.7
Aqueduct,Race 9,41000,2019-11-27,6 Furlongs,Dirt,2,10,4,Blacktop Legend,6.14,335,14.5,37.2,2.5,52.13,42.5,3026,21,39.6
Aqueduct,Race 9,41000,2019-11-27,6 Furlongs,Dirt,3,10,10,Lawn Boy (GB),6.31,333,8.3,35.9,3.25,52.55,43.3,3024,19,39.2
Aqueduct,Race 9,41000,2019-11-27,6 Furlongs,Dirt,4,10,2,Cavaradossi,6.14,335,16.9,37.1,1,53.09,42.3,3018,13,38.8
Aqueduct,Race 9,41000,2019-11-27,6 Furlongs,Dirt,5,10,3,Duncastle,6.66,334,4.1,34.1,1,53.26,43.1,3007,2,38.5
Aqueduct,Race 9,41000,2019-11-27,6 Furlongs,Dirt,6,10,6,Red Mule,6.37,337,18.7,36.0,6,53.43,42.1,3036,31,38.7
Aqueduct,Race 9,41000,2019-11-27,6 Furlongs,Dirt,7,10,1,Camouflaged Kisser,6.60,335,11.8,34.5,2.25,54.42,42.0,3008,3,37.7
Aqueduct,Race 9,41000,2019-11-27,6 Furlongs,Dirt,8,10,7,Paul Cane,6.49,336,8.0,35.2,0.75,54.82,41.4,3026,21,37.6
Aqueduct,Race 9,41000,2019-11-27,6 Furlongs,Dirt,9,10,8,Splitting Eights,6.46,338,21.9,35.6,0,54.93,42.7,3048,43,37.8
Aqueduct,Race 9,41000,2019-11-27,6 Furlongs,Dirt,1,11,9,Ink Splotz,6.52,333,5.7,34.8,1,58.17,43.2,3338,0,39.1
Aqueduct,Race 9,41000,2019-11-27,6 Furlongs,Dirt,2,11,4,Blacktop Legend,6.20,333,19.1,36.6,4,58.34,42.5,3359,21,39.3
Aqueduct,Race 9,41000,2019-11-27,6 Furlongs,Dirt,3,11,10,Lawn Boy (GB),6.49,333,12.0,35.0,1.75,59.04,43.3,3356,18,38.8
Aqueduct,Race 9,41000,2019-11-27,6 Furlongs,Dirt,4,11,2,Cavaradossi,6.26,333,25.3,36.2,3.75,59.35,42.3,3351,13,38.5
Aqueduct,Race 9,41000,2019-11-27,6 Furlongs,Dirt,5,11,6,Red Mule,6.55,331,19.8,34.5,1,59.98,42.1,3367,29,38.3
Aqueduct,Race 9,41000,2019-11-27,6 Furlongs,Dirt,6,11,3,Duncastle,6.92,332,6.9,32.7,6.25,1:00.18,43.1,3339,1,37.8
Aqueduct,Race 9,41000,2019-11-27,6 Furlongs,Dirt,7,11,7,Paul Cane,6.43,331,8.4,35.1,1.25,1:01.26,41.4,3357,19,37.4
Aqueduct,Race 9,41000,2019-11-27,6 Furlongs,Dirt,8,11,1,Camouflaged Kisser,7.07,332,14.2,32.0,1,1:01.49,42.0,3340,2,37.0
Aqueduct,Race 9,41000,2019-11-27,6 Furlongs,Dirt,9,11,8,Splitting Eights,6.75,332,24.4,33.6,0,1:01.69,42.7,3381,43,37.4
Aqueduct,Race 9,41000,2019-11-27,6 Furlongs,Dirt,1,12,4,Blacktop Legend,6.43,332,18.1,35.2,1,1:04.77,42.5,3691,0,38.9
Aqueduct,Race 9,41000,2019-11-27,6 Furlongs,Dirt,2,12,9,Ink Splotz,6.75,331,10.3,33.5,4.5,1:04.92,43.2,3670,-21,38.5
Aqueduct,Race 9,41000,2019-11-27,6 Furlongs,Dirt,3,12,10,Lawn Boy (GB),6.66,332,17.3,34.0,0.75,1:05.71,43.3,3689,-2,38.3
Aqueduct,Race 9,41000,2019-11-27,6 Furlongs,Dirt,4,12,2,Cavaradossi,6.49,332,30.3,34.9,6.5,1:05.84,42.3,3683,-8,38.1
Aqueduct,Race 9,41000,2019-11-27,6 Furlongs,Dirt,5,12,6,Red Mule,7.09,334,21.3,32.0,2,1:07.08,42.1,3700,9,37.6
Aqueduct,Race 9,41000,2019-11-27,6 Furlongs,Dirt,6,12,3,Duncastle,7.27,332,9.3,31.2,2.75,1:07.45,43.1,3671,-20,37.1
Aqueduct,Race 9,41000,2019-11-27,6 Furlongs,Dirt,7,12,7,Paul Cane,6.69,333,12.9,33.9,5,1:07.95,41.4,3690,-1,37.0
Aqueduct,Race 9,41000,2019-11-27,6 Furlongs,Dirt,8,12,8,Splitting Eights,7.21,333,22.7,31.5,0.25,1:08.90,42.7,3714,23,36.8
Aqueduct,Race 9,41000,2019-11-27,6 Furlongs,Dirt,9,12,1,Camouflaged Kisser,7.44,332,10.4,30.4,0,1:08.93,42.0,3672,-19,36.3
Aqueduct,Race 9,41000,2019-11-27,6 Furlongs,Dirt,1,13,4,Blacktop Legend,6.86,333,19.8,33.0,2.25,1:11.64,42.5,4024,0,38.3
Aqueduct,Race 9,41000,2019-11-27,6 Furlongs,Dirt,2,13,9,Ink Splotz,7.15,332,9.1,31.7,2.5,1:12.08,43.2,4002,-22,37.9
Aqueduct,Race 9,41000,2019-11-27,6 Furlongs,Dirt,3,13,2,Cavaradossi,6.72,332,26.4,33.7,0.1,1:12.57,42.3,4015,-9,37.7
Aqueduct,Race 9,41000,2019-11-27,6 Furlongs,Dirt,4,13,10,Lawn Boy (GB),6.86,332,12.8,33.0,11.25,1:12.57,43.3,4021,-3,37.8
Aqueduct,Race 9,41000,2019-11-27,6 Furlongs,Dirt,5,13,6,Red Mule,8.05,333,22.4,28.2,0.25,1:15.13,42.1,4033,9,36.6
Aqueduct,Race 9,41000,2019-11-27,6 Furlongs,Dirt,6,13,7,Paul Cane,7.27,333,11.0,31.2,0.25,1:15.22,41.4,4023,-1,36.5
Aqueduct,Race 9,41000,2019-11-27,6 Furlongs,Dirt,7,13,3,Duncastle,7.82,333,2.8,29.1,5,1:15.27,43.1,4004,-20,36.3
Aqueduct,Race 9,41000,2019-11-27,6 Furlongs,Dirt,8,13,8,Splitting Eights,7.38,332,14.2,30.6,3,1:16.29,42.7,4046,22,36.2
Aqueduct,Race 9,41000,2019-11-27,6 Furlongs,Dirt,9,13,1,Camouflaged Kisser,8.05,333,5.7,28.2,0,1:16.99,42.0,4006,-18,35.5
